use SHOPPINGONLINE
go

--tblRole
insert into tblRole
values(1, 'Admin', '')

insert into tblRole
values(2, 'CTV', '')


--tblEmployee
insert into tblEmployee
values( 'E001', 'truongmaithuytruc', 'd9b1d7db4cd6e70935368a1efb10e377', N'Trương Mai Thủy Trúc', '2033049737', 'truongmaithuytruc@fpt.edu.vn', N'Phú Thọ', 'Female', '1985-04-20', '2012-04-12', null, 1)

insert into tblEmployee
values( 'E002', 'nguyendangkhoa', 'd9b1d7db4cd6e70935368a1efb10e377', N'Nguyễn Đăng Khoa', '1323532242', 'nguyendangkhoa@gmail.com', N'Bạc Liêu', 'Male', '1986-12-10', '2013-05-08', null, 1)

insert into tblEmployee
values( 'E003', 'lephamthevu', 'd9b1d7db4cd6e70935368a1efb10e377', N'Lê Phạm Thế Vũ', '1770545307', 'lephamthevu@yahoo.com', N'Lai Châu', 'Female', '1987-12-26', '2014-09-16', null, 1)

insert into tblEmployee
values( 'E004', 'nguyenngocdoantrang', 'd9b1d7db4cd6e70935368a1efb10e377', N'Nguyễn Ngọc Đoan Trang', '1672906819', 'nguyenngocdoantrang@edu.vn', N'Phú Yên', 'Male', '1988-10-21', '2015-12-23', null, 1)

insert into tblEmployee
values( 'E005', 'phamnguyentonhu', 'd9b1d7db4cd6e70935368a1efb10e377', N'Phạm Nguyễn Tố Như', '1502922136', 'phamnguyentonhu@example.com', N'Đồng Nai', 'Female', '1989-05-10', '2016-08-23', null, 1)

insert into tblEmployee
values( 'E006', 'hocatvy', 'd9b1d7db4cd6e70935368a1efb10e377', N'Hồ Cát Vy', '1698362760', 'hocatvy@fpt.edu.vn', N'Lạng Sơn', 'Male', '1990-06-17', '2012-03-04', null, 1)

insert into tblEmployee
values( 'E007', 'nguyenngoctrinh', 'd9b1d7db4cd6e70935368a1efb10e377', N'Nguyễn Ngọc Trinh', '1078713760', 'nguyenngoctrinh@gmail.com', N'Hậu Giang', 'Male', '1991-06-14', '2013-11-24', null, 1)

insert into tblEmployee
values( 'E008', 'phamnguyencongbang', 'd9b1d7db4cd6e70935368a1efb10e377', N'Phạm Nguyễn Công Bằng', '1716740511', 'phamnguyencongbang@yahoo.com', N'Quảng Nam', 'Male', '1992-02-19', '2014-04-04', null, 1)

insert into tblEmployee
values( 'E009', 'nguyenphuonglinh', 'd9b1d7db4cd6e70935368a1efb10e377', N'Nguyễn Phương Linh', '666255716', 'nguyenphuonglinh@edu.vn', N'Quảng Bình', 'Male', '1993-11-15', '2015-07-09', null, 1)

insert into tblEmployee
values( 'E010', 'lethithanhxuan', 'd9b1d7db4cd6e70935368a1efb10e377', N'Lê Thị Thanh Xuân', '1017940546', 'lethithanhxuan@example.com', N'Bắc Ninh', 'Female', '1994-10-06', '2016-07-01', null, 1)

insert into tblEmployee
values( 'E011', 'nguyenngocnhu', 'd9b1d7db4cd6e70935368a1efb10e377', N'Nguyễn Ngọc Như', '1303388011', 'nguyenngocnhu@fpt.edu.vn', N'Bình Phước', 'Female', '1985-05-08', '2012-11-02', null, 1)

insert into tblEmployee
values( 'E012', 'nguyenngocdiemquyen', 'd9b1d7db4cd6e70935368a1efb10e377', N'Nguyễn Ngọc Diễm Quyên', '1001826508', 'nguyenngocdiemquyen@gmail.com', N'Vĩnh Phúc', 'Male', '1986-10-17', '2013-05-13', null, 2)

insert into tblEmployee
values( 'E013', 'phamhuynhtrunghieu', 'd9b1d7db4cd6e70935368a1efb10e377', N'Phạm Huỳnh Trung Hiếu', '1617442360', 'phamhuynhtrunghieu@yahoo.com', N'Hà Nội ', 'Male', '1987-10-19', '2014-11-11', null, 2)

insert into tblEmployee
values( 'E014', 'doanquanbang', 'd9b1d7db4cd6e70935368a1efb10e377', N'Đoàn Quân Bằng', '1587185592', 'doanquanbang@edu.vn', N'Vĩnh Long', 'Female', '1988-03-26', '2015-08-08', null, 2)

insert into tblEmployee
values( 'E015', 'lehuuduc', 'd9b1d7db4cd6e70935368a1efb10e377', N'Lê Hữu Đức', '1976091611', 'lehuuduc@example.com', N'Bình Dương', 'Female', '1989-06-12', '2016-09-11', null, 2)

insert into tblEmployee
values( 'E016', 'vuthilinhdan', 'd9b1d7db4cd6e70935368a1efb10e377', N'Vũ Thị Linh Đan', '2055777004', 'vuthilinhdan@fpt.edu.vn', N'Quảng Nam', 'Male', '1990-04-06', '2012-03-22', null, 2)

insert into tblEmployee
values( 'E017', 'huynhphuonguyen', 'd9b1d7db4cd6e70935368a1efb10e377', N'Huỳnh Phương Uyên', '1789333113', 'huynhphuonguyen@gmail.com', N'Điện Biên Phủ', 'Male', '1991-06-24', '2013-12-02', null, 2)

insert into tblEmployee
values( 'E018', 'vothuthuy', 'd9b1d7db4cd6e70935368a1efb10e377', N'Võ Thu Thủy', '565453967', 'vothuthuy@yahoo.com', N'Trà Vinh', 'Female', '1992-04-05', '2014-09-24', null, 2)

insert into tblEmployee
values( 'E019', 'tranducthien', 'd9b1d7db4cd6e70935368a1efb10e377', N'Trần Đức Thiện', '1555802369', 'tranducthien@edu.vn', N'Trà Vinh', 'Female', '1993-02-08', '2015-08-02', null, 2)

insert into tblEmployee
values( 'E020', 'phamkimthaotrinh', 'd9b1d7db4cd6e70935368a1efb10e377', N'Phạm Kim Thảo Trinh', '105839549', 'phamkimthaotrinh@example.com', N'Thanh Hoá', 'Male', '1994-12-25', '2016-03-13', null, 2)

insert into tblEmployee
values( 'E021', 'nguyenngocphuongyen', 'd9b1d7db4cd6e70935368a1efb10e377', N'Nguyễn Ngọc Phương Yến', '1638906651', 'nguyenngocphuongyen@fpt.edu.vn', N'Cần Thơ', 'Male', '1985-10-26', '2012-12-12', null, 2)

insert into tblEmployee
values( 'E022', 'buiduytung', 'd9b1d7db4cd6e70935368a1efb10e377', N'Bùi Duy Tùng', '1213943459', 'buiduytung@gmail.com', N'Hoà Bình', 'Male', '1986-09-16', '2013-05-18', null, 2)

insert into tblEmployee
values( 'E023', 'caohongphi', 'd9b1d7db4cd6e70935368a1efb10e377', N'Cao Hồng Phi', '663490583', 'caohongphi@yahoo.com', N'Tiền Giang', 'Male', '1987-10-21', '2014-06-05', null, 2)

insert into tblEmployee
values( 'E024', 'vuhauydi', 'd9b1d7db4cd6e70935368a1efb10e377', N'Vũ Hạ Uy Di', '1663372321', 'vuhauydi@edu.vn', N'Quảng Trị', 'Female', '1988-06-01', '2015-06-16', null, 2)

insert into tblEmployee
values( 'E025', 'lehuynhduyanh', 'd9b1d7db4cd6e70935368a1efb10e377', N'Lê Huỳnh Duy Anh', '749885602', 'lehuynhduyanh@example.com', N'Lâm Đồng', 'Female', '1989-07-08', '2016-08-20', null, 2)

insert into tblEmployee
values( 'E026', 'votankiet', 'd9b1d7db4cd6e70935368a1efb10e377', N'Võ Tấn Kiệt', '1974303461', 'votankiet@fpt.edu.vn', N'Khánh Hoà', 'Female', '1990-05-06', '2012-02-16', null, 2)

insert into tblEmployee
values( 'E027', 'duonglethanh', 'd9b1d7db4cd6e70935368a1efb10e377', N'Dương Lê Thành', '1523077083', 'duonglethanh@gmail.com', N'Hà Nam', 'Male', '1991-08-11', '2013-05-06', null, 2)

insert into tblEmployee
values( 'E028', 'nguyenlephuonglinh', 'd9b1d7db4cd6e70935368a1efb10e377', N'Nguyễn Lê Phương Linh', '1732814821', 'nguyenlephuonglinh@yahoo.com', N'Quảng Ninh', 'Female', '1992-07-06', '2014-08-20', null, 2)

insert into tblEmployee
values( 'E029', 'nguyenngochiep', 'd9b1d7db4cd6e70935368a1efb10e377', N'Nguyễn Ngọc Hiệp', '1828928793', 'nguyenngochiep@edu.vn', N'Quảng Nam', 'Male', '1993-10-09', '2015-10-24', null, 2)

insert into tblEmployee
values( 'E030', 'nguyenchiminhhoang', 'd9b1d7db4cd6e70935368a1efb10e377', N'Nguyễn Chí Minh Hoàng', '1398605033', 'nguyenchiminhhoang@example.com', N'Bắc Giang', 'Male', '1994-12-04', '2016-12-23', null, 2)

insert into tblEmployee
values( 'E031', 'camminhhanh', 'd9b1d7db4cd6e70935368a1efb10e377', N'Cam Minh Hạnh', '1029890751', 'camminhhanh@fpt.edu.vn', N'Sơn La', 'Female', '1985-09-27', '2012-05-12', null, 2)

insert into tblEmployee
values( 'E032', 'letrananhvu', 'd9b1d7db4cd6e70935368a1efb10e377', N'Lê Trần Anh Vũ', '1334062483', 'letrananhvu@gmail.com', N'Cà Mau', 'Male', '1986-11-21', '2013-09-24', null, 2)

insert into tblEmployee
values( 'E033', 'tranthimythang', 'd9b1d7db4cd6e70935368a1efb10e377', N'Trần Thị Mỹ Thăng', '1242532300', 'tranthimythang@yahoo.com', N'Tiền Giang', 'Female', '1987-07-24', '2014-06-26', null, 2)

insert into tblEmployee
values( 'E034', 'nguyenminhquang', 'd9b1d7db4cd6e70935368a1efb10e377', N'Nguyễn Minh Quang', '472838110', 'nguyenminhquang@edu.vn', N'Đồng Nai', 'Female', '1988-02-13', '2015-04-08', null, 2)

insert into tblEmployee
values( 'E035', 'lamlekhanhhao', 'd9b1d7db4cd6e70935368a1efb10e377', N'Lâm Lê Khánh Hảo', '1767051277', 'lamlekhanhhao@example.com', N'Nam Định', 'Female', '1989-10-11', '2016-02-01', null, 2)

insert into tblEmployee
values( 'E036', 'trananhquan', 'd9b1d7db4cd6e70935368a1efb10e377', N'Trần Anh Quân', '442965516', 'trananhquan@fpt.edu.vn', N'Thái Bình', 'Female', '1990-07-27', '2012-08-04', null, 2)

insert into tblEmployee
values( 'E037', 'vonhatminh', 'd9b1d7db4cd6e70935368a1efb10e377', N'Võ Nhật Minh', '801465204', 'vonhatminh@gmail.com', N'Hà Tĩnh', 'Male', '1991-03-06', '2013-09-01', null, 2)

insert into tblEmployee
values( 'E038', 'hohoanglong', 'd9b1d7db4cd6e70935368a1efb10e377', N'Hồ Hoàng Long', '305971894', 'hohoanglong@yahoo.com', N'Kon Tum', 'Female', '1992-10-23', '2014-08-11', null, 2)

insert into tblEmployee
values( 'E039', 'lethiphuonglinh', 'd9b1d7db4cd6e70935368a1efb10e377', N'Lê Thị Phương Linh', '843777748', 'lethiphuonglinh@edu.vn', N'Bình Dương', 'Female', '1993-02-18', '2015-05-01', null, 2)

insert into tblEmployee
values( 'E040', 'tranthithanhphuong', 'd9b1d7db4cd6e70935368a1efb10e377', N'Trần Thị Thanh Phương', '1858920038', 'tranthithanhphuong@example.com', N'Đăk Nông', 'Male', '1994-07-27', '2016-11-05', null, 2)

insert into tblEmployee
values( 'E041', 'nguyenthainguyen', 'd9b1d7db4cd6e70935368a1efb10e377', N'Nguyễn Thái Nguyên', '2119293535', 'nguyenthainguyen@fpt.edu.vn', N'Bình Dương', 'Male', '1985-05-04', '2012-10-14', null, 2)

insert into tblEmployee
values( 'E042', 'buiquocviet', 'd9b1d7db4cd6e70935368a1efb10e377', N'Bùi Quốc Việt', '1675547116', 'buiquocviet@gmail.com', N'Thanh Hoá', 'Male', '1986-09-19', '2013-12-17', null, 2)

insert into tblEmployee
values( 'E043', 'mainguyenphuongtrang', 'd9b1d7db4cd6e70935368a1efb10e377', N'Mai Nguyễn Phương Trang', '485232420', 'mainguyenphuongtrang@yahoo.com', N'Lâm Đồng', 'Male', '1987-09-21', '2014-09-02', null, 2)

insert into tblEmployee
values( 'E044', 'dangtruongkhoiminh', 'd9b1d7db4cd6e70935368a1efb10e377', N'Đặng Trương Khôi Minh', '813210230', 'dangtruongkhoiminh@edu.vn', N'Vũng Tàu', 'Female', '1988-08-16', '2015-06-19', null, 2)

insert into tblEmployee
values( 'E045', 'duongtrungduong', 'd9b1d7db4cd6e70935368a1efb10e377', N'Dương Trùng Dương', '864729608', 'duongtrungduong@example.com', N'Gia Lai', 'Male', '1989-11-27', '2016-03-15', null, 2)

insert into tblEmployee
values( 'E046', 'nguyenthikieutien', 'd9b1d7db4cd6e70935368a1efb10e377', N'Nguyễn Thị Kiều Tiên', '1187110193', 'nguyenthikieutien@fpt.edu.vn', N'Trà Vinh', 'Male', '1990-05-03', '2012-08-07', null, 2)

insert into tblEmployee
values( 'E047', 'tranngocphat', 'd9b1d7db4cd6e70935368a1efb10e377', N'Trần Ngọc Phát', '206577377', 'tranngocphat@gmail.com', N'Lạng Sơn', 'Male', '1991-10-13', '2013-11-24', null, 2)

insert into tblEmployee
values( 'E048', 'chauhoanggiabao', 'd9b1d7db4cd6e70935368a1efb10e377', N'Châu Hoàng Gia Bảo', '2031524685', 'chauhoanggiabao@yahoo.com', N'Ninh Bình', 'Male', '1992-07-04', '2014-02-07', null, 2)

insert into tblEmployee
values( 'E049', 'lequangchinh', 'd9b1d7db4cd6e70935368a1efb10e377', N'Lê Quang Chinh', '620886536', 'lequangchinh@edu.vn', N'Long An', 'Male', '1993-11-25', '2015-05-13', null, 2)

insert into tblEmployee
values( 'E050', 'lequynhphuonganh', 'd9b1d7db4cd6e70935368a1efb10e377', N'Lê Quỳnh Phương Anh', '500449709', 'lequynhphuonganh@example.com', N'Hậu Giang', 'Male', '1994-02-12', '2016-06-08', null, 2)

insert into tblEmployee
values( 'E051', 'nguyenthidung', 'd9b1d7db4cd6e70935368a1efb10e377', N'Nguyễn Thị Dung', '114558024', 'nguyenthidung@fpt.edu.vn', N'Bắc Ninh', 'Female', '1985-10-14', '2012-12-08', null, 2)

insert into tblEmployee
values( 'E052', 'nguyentrongnhatanh', 'd9b1d7db4cd6e70935368a1efb10e377', N'Nguyễn Trọng Nhật Anh', '1594676139', 'nguyentrongnhatanh@gmail.com', N'Phú Yên', 'Male', '1986-02-07', '2013-02-13', null, 2)

insert into tblEmployee
values( 'E053', 'nguyenthithanhuyen', 'd9b1d7db4cd6e70935368a1efb10e377', N'Nguyễn Thị Thanh Uyên', '2038718500', 'nguyenthithanhuyen@yahoo.com', N'Bình Định', 'Female', '1987-05-17', '2014-02-07', null, 2)

insert into tblEmployee
values( 'E054', 'phannguyenthu', 'd9b1d7db4cd6e70935368a1efb10e377', N'Phan Nguyên Thư', '1006313726', 'phannguyenthu@edu.vn', N'Quảng Bình', 'Female', '1988-10-01', '2015-11-20', null, 2)

insert into tblEmployee
values( 'E055', 'phamthanhgiau', 'd9b1d7db4cd6e70935368a1efb10e377', N'Phạm Thanh Giàu', '719096336', 'phamthanhgiau@example.com', N'Vĩnh Long', 'Male', '1989-03-08', '2016-03-14', null, 2)

insert into tblEmployee
values( 'E056', 'dauthuymy', 'd9b1d7db4cd6e70935368a1efb10e377', N'Đậu Thúy My', '2084712998', 'dauthuymy@fpt.edu.vn', N'Bình Định', 'Female', '1990-02-27', '2012-12-25', null, 2)

insert into tblEmployee
values( 'E057', 'dangbaquochung', 'd9b1d7db4cd6e70935368a1efb10e377', N'Đặng Bá Quốc Hưng', '1383804184', 'dangbaquochung@gmail.com', N'Quảng Trị', 'Male', '1991-08-02', '2013-05-05', null, 2)

insert into tblEmployee
values( 'E058', 'nguyengiamy', 'd9b1d7db4cd6e70935368a1efb10e377', N'Nguyễn Gia Mỹ', '1630780908', 'nguyengiamy@yahoo.com', N'Sơn La', 'Female', '1992-09-14', '2014-03-22', null, 2)

insert into tblEmployee
values( 'E059', 'ngothithuytrang', 'd9b1d7db4cd6e70935368a1efb10e377', N'Ngô Thị Thùy Trang', '976039654', 'ngothithuytrang@edu.vn', N'Yên Bái', 'Female', '1993-02-24', '2015-06-04', null, 2)

insert into tblEmployee
values( 'E060', 'nguyenmyhieu', 'd9b1d7db4cd6e70935368a1efb10e377', N'Nguyễn Mỹ Hiếu', '1280771243', 'nguyenmyhieu@example.com', N'Hà Giang', 'Female', '1994-03-04', '2016-04-17', null, 2)

insert into tblEmployee
values( 'E061', 'huynhxuanthao', 'd9b1d7db4cd6e70935368a1efb10e377', N'Huỳnh Xuân Thảo', '788578412', 'huynhxuanthao@fpt.edu.vn', N'Sóc Trăng', 'Male', '1985-07-18', '2012-02-05', null, 2)

insert into tblEmployee
values( 'E062', 'doanthivananh', 'd9b1d7db4cd6e70935368a1efb10e377', N'Đoàn Thị Vân Anh', '596607811', 'doanthivananh@gmail.com', N'Trà Vinh', 'Female', '1986-02-26', '2013-07-08', null, 2)

insert into tblEmployee
values( 'E063', 'phamnguyenthanhdung', 'd9b1d7db4cd6e70935368a1efb10e377', N'Phạm Nguyễn Thanh Dũng', '964978708', 'phamnguyenthanhdung@yahoo.com', N'Bình Dương', 'Male', '1987-08-06', '2014-07-10', null, 2)

insert into tblEmployee
values( 'E064', 'donguyengiangthanh', 'd9b1d7db4cd6e70935368a1efb10e377', N'Đỗ Nguyễn Giang Thanh', '418384768', 'donguyengiangthanh@edu.vn', N'Hồ Chí Minh', 'Male', '1988-06-16', '2015-08-22', null, 2)

insert into tblEmployee
values( 'E065', 'huynhthimyan', 'd9b1d7db4cd6e70935368a1efb10e377', N'Huỳnh Thị Mỹ An', '522447284', 'huynhthimyan@example.com', N'Huế', 'Female', '1989-05-10', '2016-10-19', null, 2)

insert into tblEmployee
values( 'E066', 'nguyenlethaotrang', 'd9b1d7db4cd6e70935368a1efb10e377', N'Nguyễn Lê Thảo Trang', '218794861', 'nguyenlethaotrang@fpt.edu.vn', N'Lai Châu', 'Female', '1990-11-04', '2012-07-25', null, 2)

insert into tblEmployee
values( 'E067', 'truongthiminhhuyen', 'd9b1d7db4cd6e70935368a1efb10e377', N'Trương Thị Minh Huyền ', '805031600', 'truongthiminhhuyen@gmail.com', N'Bắc Ninh', 'Male', '1991-04-19', '2013-08-12', null, 2)

insert into tblEmployee
values( 'E068', 'bienthiphuong', 'd9b1d7db4cd6e70935368a1efb10e377', N'Biện Thị Phương', '407895402', 'bienthiphuong@yahoo.com', N'Đồng Tháp', 'Female', '1992-08-18', '2014-03-16', null, 2)

insert into tblEmployee
values( 'E069', 'leanhkiet', 'd9b1d7db4cd6e70935368a1efb10e377', N'Lê Anh Kiệt', '1729866971', 'leanhkiet@edu.vn', N'Quảng Trị', 'Male', '1993-02-06', '2015-08-26', null, 2)

insert into tblEmployee
values( 'E070', 'trantuankiet', 'd9b1d7db4cd6e70935368a1efb10e377', N'Trần Tuấn Kiệt', '436411272', 'trantuankiet@example.com', N'Tiền Giang', 'Male', '1994-09-25', '2016-06-22', null, 2)

insert into tblEmployee
values( 'E071', 'tranmanhhung', 'd9b1d7db4cd6e70935368a1efb10e377', N'Trần Mạnh Hùng', '1246717451', 'tranmanhhung@fpt.edu.vn', N'Lâm Đồng', 'Female', '1985-05-27', '2012-12-01', null, 2)

insert into tblEmployee
values( 'E072', 'luongductien', 'd9b1d7db4cd6e70935368a1efb10e377', N'Lương Đức Tiến', '1916955618', 'luongductien@gmail.com', N'Quảng Bình', 'Female', '1986-12-04', '2013-05-02', null, 2)

insert into tblEmployee
values( 'E073', 'dangnguyenhaiduy', 'd9b1d7db4cd6e70935368a1efb10e377', N'Đặng Nguyễn Hải Duy', '2425707', 'dangnguyenhaiduy@yahoo.com', N'Kiên Giang', 'Male', '1987-02-25', '2014-11-21', null, 2)

insert into tblEmployee
values( 'E074', 'ngolong', 'd9b1d7db4cd6e70935368a1efb10e377', N'Ngô Long', '500881695', 'ngolong@edu.vn', N'Quảng Trị', 'Male', '1988-04-10', '2015-11-07', null, 2)

insert into tblEmployee
values( 'E075', 'nguyennhattan', 'd9b1d7db4cd6e70935368a1efb10e377', N'Nguyễn Nhật Tân', '1935781764', 'nguyennhattan@example.com', N'Đà Nẵng', 'Female', '1989-10-02', '2016-04-27', null, 2)

insert into tblEmployee
values( 'E076', 'phamquoctrung', 'd9b1d7db4cd6e70935368a1efb10e377', N'Phạm Quốc Trung', '1053011179', 'phamquoctrung@fpt.edu.vn', N'Bình Định', 'Female', '1990-06-06', '2012-10-23', null, 2)

insert into tblEmployee
values( 'E077', 'nguyentuananh', 'd9b1d7db4cd6e70935368a1efb10e377', N'Nguyễn Tuấn Anh', '1112976107', 'nguyentuananh@gmail.com', N'Kiên Giang', 'Female', '1991-10-09', '2013-06-03', null, 2)

insert into tblEmployee
values( 'E078', 'nguyenanhtrinhan', 'd9b1d7db4cd6e70935368a1efb10e377', N'Nguyễn Ảnh Trí Nhân', '14020472', 'nguyenanhtrinhan@yahoo.com', N'Vĩnh Phúc', 'Male', '1992-08-23', '2014-04-15', null, 2)

insert into tblEmployee
values( 'E079', 'trinhminhanh', 'd9b1d7db4cd6e70935368a1efb10e377', N'Trịnh Minh Anh', '612589336', 'trinhminhanh@edu.vn', N'Hồ Chí Minh', 'Female', '1993-08-23', '2015-06-18', null, 2)

insert into tblEmployee
values( 'E080', 'halequocbao', 'd9b1d7db4cd6e70935368a1efb10e377', N'Hà Lê Quốc Bảo', '995931739', 'halequocbao@example.com', N'Bắc Kan', 'Male', '1994-06-20', '2016-08-08', null, 2)

insert into tblEmployee
values( 'E081', 'nguyenngoclinh', 'd9b1d7db4cd6e70935368a1efb10e377', N'Nguyễn Ngọc Linh', '52216073', 'nguyenngoclinh@fpt.edu.vn', N'Đồng Tháp', 'Male', '1985-09-20', '2012-12-26', null, 2)

insert into tblEmployee
values( 'E082', 'tranthivananh', 'd9b1d7db4cd6e70935368a1efb10e377', N'Trần Thị Vân Anh', '348967032', 'tranthivananh@gmail.com', N'Thái Bình', 'Female', '1986-08-01', '2013-12-22', null, 2)

insert into tblEmployee
values( 'E083', 'nguyenthikimlong', 'd9b1d7db4cd6e70935368a1efb10e377', N'Nguyễn Thị Kim Long', '686472827', 'nguyenthikimlong@yahoo.com', N'Điện Biên Phủ', 'Female', '1987-08-20', '2014-09-06', null, 2)

insert into tblEmployee
values( 'E084', 'nguyenhoangthanhvy', 'd9b1d7db4cd6e70935368a1efb10e377', N'Nguyễn Hoàng Thanh Vy', '1752859180', 'nguyenhoangthanhvy@edu.vn', N'Kiên Giang', 'Female', '1988-05-06', '2015-09-18', null, 2)

insert into tblEmployee
values( 'E085', 'caongoclanvy', 'd9b1d7db4cd6e70935368a1efb10e377', N'Cao Ngọc Lan Vy', '1575228820', 'caongoclanvy@example.com', N'Kon Tum', 'Male', '1989-10-09', '2016-04-14', null, 2)

insert into tblEmployee
values( 'E086', 'phanthidiemtham', 'd9b1d7db4cd6e70935368a1efb10e377', N'Phan Thị Diễm Thắm', '1168593887', 'phanthidiemtham@fpt.edu.vn', N'Thái Nguyên', 'Female', '1990-11-04', '2012-02-26', null, 2)

insert into tblEmployee
values( 'E087', 'nguyencongthanh', 'd9b1d7db4cd6e70935368a1efb10e377', N'Nguyễn Công Thạnh', '2101590732', 'nguyencongthanh@gmail.com', N'Bắc Giang', 'Female', '1991-03-02', '2013-09-04', null, 2)

insert into tblEmployee
values( 'E088', 'nguyenthibichngoc', 'd9b1d7db4cd6e70935368a1efb10e377', N'Nguyễn Thị Bích Ngọc', '1163760670', 'nguyenthibichngoc@yahoo.com', N'Long An', 'Female', '1992-11-26', '2014-11-22', null, 2)

insert into tblEmployee
values( 'E089', 'huynhducanh', 'd9b1d7db4cd6e70935368a1efb10e377', N'Huỳnh Đức Anh', '1247227133', 'huynhducanh@edu.vn', N'Bắc Ninh', 'Male', '1993-12-18', '2015-10-25', null, 2)

insert into tblEmployee
values( 'E090', 'vuhouyentrinh', 'd9b1d7db4cd6e70935368a1efb10e377', N'Vũ Hồ Uyên Trinh', '950525930', 'vuhouyentrinh@example.com', N'Sơn La', 'Male', '1994-10-21', '2016-09-01', null, 2)

insert into tblEmployee
values( 'E091', 'buihuyhoang', 'd9b1d7db4cd6e70935368a1efb10e377', N'Bùi Huy Hoàng', '1717784605', 'buihuyhoang@fpt.edu.vn', N'Nghệ An', 'Female', '1985-08-17', '2012-08-16', null, 2)

insert into tblEmployee
values( 'E092', 'buingochien', 'd9b1d7db4cd6e70935368a1efb10e377', N'Bùi Ngọc Hiển', '2126907405', 'buingochien@gmail.com', N'Hải Phòng', 'Male', '1986-05-27', '2013-02-26', null, 2)

insert into tblEmployee
values( 'E093', 'dangdongngocmai', 'd9b1d7db4cd6e70935368a1efb10e377', N'Đặng Đông Ngọc Mai', '1101663084', 'dangdongngocmai@yahoo.com', N'Tây Ninh', 'Male', '1987-02-10', '2014-07-02', null, 2)

insert into tblEmployee
values( 'E094', 'nguyenquocdai', 'd9b1d7db4cd6e70935368a1efb10e377', N'Nguyễn Quốc Đại', '649121519', 'nguyenquocdai@edu.vn', N'Đồng Nai', 'Male', '1988-07-20', '2015-09-23', null, 2)

insert into tblEmployee
values( 'E095', 'truongduykhiem', 'd9b1d7db4cd6e70935368a1efb10e377', N'Trương Duy Khiêm', '459878061', 'truongduykhiem@example.com', N'Trà Vinh', 'Male', '1989-05-04', '2016-12-24', null, 2)

insert into tblEmployee
values( 'E096', 'huynhminhquan', 'd9b1d7db4cd6e70935368a1efb10e377', N'Huỳnh Minh Quân', '1925402761', 'huynhminhquan@fpt.edu.vn', N'Cà Mau', 'Male', '1990-02-26', '2012-06-08', null, 2)

insert into tblEmployee
values( 'E097', 'phanthithuyan', 'd9b1d7db4cd6e70935368a1efb10e377', N'Phan Thị Thúy An', '2030525703', 'phanthithuyan@gmail.com', N'Trà Vinh', 'Male', '1991-09-22', '2013-02-24', null, 2)

insert into tblEmployee
values( 'E098', 'buiphamnhungoc', 'd9b1d7db4cd6e70935368a1efb10e377', N'Bùi Phạm Như Ngọc', '365323970', 'buiphamnhungoc@yahoo.com', N'Phú Thọ', 'Female', '1992-02-03', '2014-08-17', null, 2)

insert into tblEmployee
values( 'E099', 'truongthiquynhnhu', 'd9b1d7db4cd6e70935368a1efb10e377', N'Trương Thị Quỳnh Như', '439146427', 'truongthiquynhnhu@edu.vn', N'Bắc Giang', 'Male', '1993-02-23', '2015-11-04', null, 2)

insert into tblEmployee
values( 'E100', 'nguyenquockhanh', 'd9b1d7db4cd6e70935368a1efb10e377', N'Nguyễn Quốc Khánh', '1311084107', 'nguyenquockhanh@example.com', N'Đà Nẵng', 'Female', '1994-03-23', '2016-08-05', null, 2)


--tblCustomer
insert into tblCustomer
values( 'C001', 'tranchiloan', 'd9b1d7db4cd6e70935368a1efb10e377', N'Trần Chị Loan', '0989119552', 'tranchiloan@fpt.edu.vn', N'22-23 Hà Hoàng Hổ, P.Mỹ Xuyên, TP.Long Xuyên, An Giang', 'Male', '1985-02-07', '2016-04-11', 410)

insert into tblCustomer
values( 'C002', 'tranthanhhai', 'd9b1d7db4cd6e70935368a1efb10e377', N'Trần Thanh Hải', '0982357868', 'tranthanhhai@gmail.com', N'Tòa nhà Viettel Bắc Giang – Lô 4A, đường Nguyễn Thị Minh Khai, phường Hoàng Văn Thụ - TP Bắc Giang (đối diện Kho bạc tỉnh Bắc Giang)', 'Female', '1986-11-09', '2017-11-07', 480)

insert into tblCustomer
values( 'C003', 'luonganhthuan', 'd9b1d7db4cd6e70935368a1efb10e377', N'Lương Anh Thuần', '0985851844', 'luonganhthuan@yahoo.com', N'Số 186, Tổ 8 Phường Nguyễn Thị Minh Khai, Thị xã Bắc Kạn, Tỉnh Bắc Kạn', 'Male', '1987-12-10', '2016-04-09', 120)

insert into tblCustomer
values( 'C004', 'dutrongkhanh', 'd9b1d7db4cd6e70935368a1efb10e377', N'Dư Trọng Khánh', '0985874741', 'dutrongkhanh@edu.vn', N'50-52/3, Trần Phú, Phường 7, Thành phố Bạc Liêu, tỉnh Bạc Liêu ', 'Female', '1988-09-08', '2017-09-23', 880)

insert into tblCustomer
values( 'C005', 'luuquangdai', 'd9b1d7db4cd6e70935368a1efb10e377', N'Lưu Quang Đại ', '0983 393456', 'luuquangdai@example.com', N'Phố Vũ  - P. Đại Phúc - TP. Bắc Ninh', 'Female', '1989-10-24', '2016-11-04', 0)

insert into tblCustomer
values( 'C006', 'lehoaihan', 'd9b1d7db4cd6e70935368a1efb10e377', N'Lê Hoài Hận ', '0986.060808  ', 'lehoaihan@fpt.edu.vn', N'67C Đại Lộ Đồng Khởi - P.Phú Khương - TP Bến Tre', 'Female', '1990-03-25', '2017-07-13', 990)

insert into tblCustomer
values( 'C007', 'dodangtrinh', 'd9b1d7db4cd6e70935368a1efb10e377', N'Đỗ Đăng Trình', ' 0975.15.7799 ', 'dodangtrinh@gmail.com', N'Số 01 Đinh Bộ Lĩnh - TP Quy Nhơn - Bình Định', 'Female', '1991-05-17', '2016-12-19', 120)

insert into tblCustomer
values( 'C008', 'nguyenanhmanh', 'd9b1d7db4cd6e70935368a1efb10e377', N' Nguyễn Anh Mạnh', '0977212567', 'nguyenanhmanh@yahoo.com', N'161-163 đường D1, KDC Phú Hòa 1, Phường Phú Hòa, TP Thủ Dầu Một, tỉnh Bình Dương', 'Male', '1992-06-27', '2017-11-08', 910)

insert into tblCustomer
values( 'C009', 'haanhtuan', 'd9b1d7db4cd6e70935368a1efb10e377', N'Hà Anh Tuấn', '0988000600', 'haanhtuan@edu.vn', N'Tòa Nhà Viettel - Đường Phú Riềng Đỏ -  P.Tân Xuân - Tx. Đồng Xoài - Bình Phước', 'Male', '1993-07-07', '2016-03-08', 980)

insert into tblCustomer
values( 'C010', 'truongthaivinh', 'd9b1d7db4cd6e70935368a1efb10e377', N'Trương Thái Vinh', '0974119470', 'truongthaivinh@example.com', N'Toà nhà Viettel Bình Thuận - Khu dân cư Hùng Vương - đường Tôn Đức Thắng - TP Phan Thiết - Tỉnh Bình Thuận', 'Male', '1994-10-11', '2017-10-15', 620)

insert into tblCustomer
values( 'C011', 'truongthikieutrinh', 'd9b1d7db4cd6e70935368a1efb10e377', N'Trương Thị Kiều Trinh ', '0977 545 427', 'truongthikieutrinh@fpt.edu.vn', N'18 - Nguyễn Ngọc Sanh - Phường 5 - TP Cà Mau- Cà Mau', 'Female', '1985-05-12', '2016-12-04', 80)

insert into tblCustomer
values( 'C012', 'nguyenquediem', 'd9b1d7db4cd6e70935368a1efb10e377', N'Nguyễn Quế Diễm', '0988.251.666', 'nguyenquediem@gmail.com', N'104 - 106B1 Trung tâm thương mại Cái Khế, Phường Cái Khế, Quận Ninh Kiều, Tp. Cần Thơ', 'Male', '1986-10-18', '2017-11-12', 560)

insert into tblCustomer
values( 'C013', 'hahuynhthithao', 'd9b1d7db4cd6e70935368a1efb10e377', N'Hà Huỳnh Thị Thảo', '0988114889', 'hahuynhthithao@yahoo.com', N'Chi nhánh Viettel Cao Bằng - Lô 10 Khu Đô Thị Mới - Phường Đề Thám- TP Cao Bằng', 'Male', '1987-08-08', '2016-12-25', 370)

insert into tblCustomer
values( 'C014', 'lamhonganh', 'd9b1d7db4cd6e70935368a1efb10e377', N'Lâm Hồng Anh  ', '0905.170.877', 'lamhonganh@edu.vn', N'Cục Thi  hành án dân sự TP Đà Nẵng - số 674 đường Núi Thành, TP. Đà Nẵng', 'Male', '1988-04-22', '2017-07-21', 370)

insert into tblCustomer
values( 'C015', 'phamvietkieu', 'd9b1d7db4cd6e70935368a1efb10e377', N'Phạm Viết Kiều', '0986653456', 'phamvietkieu@example.com', N'Số 48 - Lý Tự Trọng - TP.Buôn Ma Thuột - T. Đăk Lăk', 'Female', '1989-02-07', '2016-11-24', 1700)

insert into tblCustomer
values( 'C016', 'buianhtuan', 'd9b1d7db4cd6e70935368a1efb10e377', N'Bùi Anh Tuấn', '0988807676', 'buianhtuan@fpt.edu.vn', N'Tổ 3 Đường Biểu Ong - P. Nghĩa Trung - TX Gia Nghĩa - Đăk Nông  ', 'Female', '1990-08-11', '2017-07-26', 750)

insert into tblCustomer
values( 'C017', 'nguyenanhtuong', 'd9b1d7db4cd6e70935368a1efb10e377', N'Nguyễn Anh Tường', '0985095999', 'nguyenanhtuong@gmail.com', N'Chi nhánh Viettel Điện Biên  - Số 761 – Đường 7/5 – Tổ 7 – Phường Tân Thanh – TP ĐBP', 'Male', '1991-11-15', '2016-06-21', 750)

insert into tblCustomer
values( 'C018', 'vudinhphuc', 'd9b1d7db4cd6e70935368a1efb10e377', N'Vũ Đình Phúc', '0978297979', 'vudinhphuc@yahoo.com', N'18-19-20, Đường Đồng Khởi, Phường T6an Hiệp, Biên Hòa, Đồng Nai', 'Male', '1992-12-05', '2017-02-24', 290)

insert into tblCustomer
values( 'C019', 'hoanhhiep', 'd9b1d7db4cd6e70935368a1efb10e377', N'Hồ Anh Hiệp', '0989234678', 'hoanhhiep@edu.vn', N'51-53 Lý Thường Kiệt Phường 2 TP Cao Lãnh Đồng Tháp', 'Female', '1993-06-18', '2016-07-14', 1550)

insert into tblCustomer
values( 'C020', 'leanhvien', 'd9b1d7db4cd6e70935368a1efb10e377', N'Lê Anh Viện ', '0982132222', 'leanhvien@example.com', N'30 Phan Đình Phùng - Pleiku- Gia Lai', 'Male', '1994-07-22', '2017-10-25', 910)

insert into tblCustomer
values( 'C021', 'phamanhtuan', 'd9b1d7db4cd6e70935368a1efb10e377', N'Phạm Anh Tuấn', '0986676667', 'phamanhtuan@fpt.edu.vn', N'Số Nhà 84 Tổ 4 Thị trấn Việt Quang - Huyện Bắc Quang  - Tỉnh Hà Giang', 'Female', '1985-02-21', '2016-04-21', 740)

insert into tblCustomer
values( 'C022', 'trinhanhcong', 'd9b1d7db4cd6e70935368a1efb10e377', N'Trịnh Anh Cộng ', '0986436868', 'trinhanhcong@gmail.com', N'Tầng 8 toà nhà Viettel Hà Nam-Quốc lộ 1A- Đường Lê Hoàn- P.Hai Bà Trưng- TP.Phủ Lý - Hà Nam ', 'Male', '1986-09-20', '2017-09-26', 80)

insert into tblCustomer
values( 'C023', 'nguyenducdung', 'd9b1d7db4cd6e70935368a1efb10e377', N'Nguyễn Đức Dũng', '0963436868', 'nguyenducdung@yahoo.com', N'Hội trường Đa Năng - Bộ Tư pháp 60 Trần Phú - Ba Đình - Hà Nội', 'Male', '1987-06-21', '2016-05-08', 330)

insert into tblCustomer
values( 'C024', 'tranlehang', 'd9b1d7db4cd6e70935368a1efb10e377', N'Trần Lệ Hằng', '0985 851 979', 'tranlehang@edu.vn', N'Số 16 Đại lộ Xô Viết Nghệ Tĩnh - TP Hà Tĩnh - tỉnh Hà Tĩnh', 'Male', '1988-05-13', '2017-06-01', 90)

insert into tblCustomer
values( 'C025', 'ananhhung', 'd9b1d7db4cd6e70935368a1efb10e377', N'An Anh Hùng', '0982565868', 'ananhhung@example.com', N'169 Bạch Đằng, Phường Trần Phú, Thành Phố Hải Dương, Tỉnh Hải Dương ', 'Female', '1989-09-25', '2016-11-20', 620)

insert into tblCustomer
values( 'C026', 'phamhuyenanh', 'd9b1d7db4cd6e70935368a1efb10e377', N'Phạm Huyền Anh ', '0985257979', 'phamhuyenanh@fpt.edu.vn', N'Đường Lê Hồng Phong, phường Thành Tô, quận Hải An, thành phố Hải Phòng', 'Female', '1990-04-16', '2017-03-14', 480)

insert into tblCustomer
values( 'C027', 'trantuananh', 'd9b1d7db4cd6e70935368a1efb10e377', N'Trần Tuấn Anh', '0989434444', 'trantuananh@gmail.com', N'Số 60 Nguyễn Công Trứ, Phường 1 thành phố Vị Thanh, tỉnh Hậu Giang', 'Female', '1991-06-10', '2016-12-06', 1390)

insert into tblCustomer
values( 'C028', 'tranthihai', 'd9b1d7db4cd6e70935368a1efb10e377', N'Trần Thị Hải', '09089463000', 'tranthihai@yahoo.com', N'Cục Thi hành án dân sự Thành phố Hồ Chí Minh 200C Võ Văn Tần, Quận 3, TP. Hồ Chí Minh', 'Male', '1992-12-13', '2017-09-04', 600)

insert into tblCustomer
values( 'C029', 'nguyenanhthanh', 'd9b1d7db4cd6e70935368a1efb10e377', N'Nguyễn Anh Thành', '0983363386', 'nguyenanhthanh@edu.vn', N'Tòa nhà Viettel - Tổ 8 - Xã Sủ Ngòi -TP Hòa Bình, Tỉnh Hòa Bình ', 'Male', '1993-12-22', '2016-11-25', 260)

insert into tblCustomer
values( 'C030', 'nguyenthithutuyen', 'd9b1d7db4cd6e70935368a1efb10e377', N'Nguyễn Thị Thu Tuyền', '0979014488', 'nguyenthithutuyen@example.com', N'11 Lý thường Kiệt - tòa nhà Viettel Phường Vĩnh Ninh - Huế', 'Male', '1994-06-19', '2017-12-13', 1150)

insert into tblCustomer
values( 'C031', 'leanhhieu', 'd9b1d7db4cd6e70935368a1efb10e377', N'Lê Anh Hiếu', '0983 142 579', 'leanhhieu@fpt.edu.vn', N'Số 537 - Đường Nguyễn Văn Linh - Phường Hiến Nam - Thành Phố Hưng Yên', 'Female', '1985-06-17', '2016-04-12', 410)

insert into tblCustomer
values( 'C032', 'huynhanhtien', 'd9b1d7db4cd6e70935368a1efb10e377', N'Huỳnh Anh Tiến ', '0982100579', 'huynhanhtien@gmail.com', N'42 Phan Chu Trinh - Nha Trang - Khánh Hòa', 'Female', '1986-05-19', '2017-04-19', 280)

insert into tblCustomer
values( 'C033', 'hohuynhanhtuan', 'd9b1d7db4cd6e70935368a1efb10e377', N'Hồ Huỳnh Anh Tuấn', '0983.685.545', 'hohuynhanhtuan@yahoo.com', N'Chi Nhánh Viettel Kiên Giang, Số 57-58 đường Lạc Hồng, TP.Rạch Giá, Kiên Giang', 'Female', '1987-08-22', '2016-07-06', 1340)

insert into tblCustomer
values( 'C034', 'trandinhnamtran', 'd9b1d7db4cd6e70935368a1efb10e377', N'Trần Đình Nam Trân ', '0983106618', 'trandinhnamtran@edu.vn', N'202 - Đường Lê Hồng Phong - P.Quyết Thắng - TP. Kon Tum - Kon Tum', 'Female', '1988-08-16', '2017-09-06', 660)

insert into tblCustomer
values( 'C035', 'hoangthiluong', 'd9b1d7db4cd6e70935368a1efb10e377', N'Hoàng Thị Lương', '0978602888', 'hoangthiluong@example.com', N'317 Trần Phú, P Tân Phong - thị xã Lai Châu - Lai Châu', 'Male', '1989-07-27', '2016-09-11', 940)

insert into tblCustomer
values( 'C036', 'nguyenphanthanhhung', 'd9b1d7db4cd6e70935368a1efb10e377', N'Nguyễn Phan Thanh Hùng', '0989708090', 'nguyenphanthanhhung@fpt.edu.vn', N'Số 01 Nguyễn Đình Chiểu, Phường 9, TP Đà Lạt, tỉnh Lâm Đồng', 'Male', '1990-06-01', '2017-02-15', 970)

insert into tblCustomer
values( 'C037', 'hoangmanhthao', 'd9b1d7db4cd6e70935368a1efb10e377', N'Hoàng Mạnh Thảo', '0983595955', 'hoangmanhthao@gmail.com', N'Tòa nhà Viettel - đường Hùng Vương - xã Mai Pha - TP Lạng Sơn', 'Female', '1991-09-10', '2016-03-26', 290)

insert into tblCustomer
values( 'C038', 'anhuyen', 'd9b1d7db4cd6e70935368a1efb10e377', N'Anh Uyên', '0976.01.2222', 'anhuyen@yahoo.com', N'Số nhà 491 Đường Hoàng Liên – Phường Kim Tân – TP Lào Cai', 'Female', '1992-06-26', '2017-12-20', 680)

insert into tblCustomer
values( 'C039', 'hoxuanson', 'd9b1d7db4cd6e70935368a1efb10e377', N'Hồ Xuân Sơn', '0976299996', 'hoxuanson@edu.vn', N'107 Hùng vương, Phường 02, Tp.Tân An, Long An', 'Female', '1993-08-01', '2016-07-21', 2020)

insert into tblCustomer
values( 'C040', 'dangduchuan', 'd9b1d7db4cd6e70935368a1efb10e377', N'Đặng Đức Huân', '0977272888', 'dangduchuan@example.com', N'112 đường đông A- Khu đô thị Hòa vượng- P Lộc vượng- TP. Nam định', 'Female', '1994-11-16', '2017-05-02', 840)

insert into tblCustomer
values( 'C041', 'hoangmanhhung', 'd9b1d7db4cd6e70935368a1efb10e377', N'Hoàng Mạnh Hùng', '0982 131 686', 'hoangmanhhung@fpt.edu.vn', N'Tòa Nhà Viettel Đại Lộ Le nin -  P. Hà Huy Tập -TP Vinh - Nghệ An', 'Male', '1985-02-23', '2016-11-27', 240)

insert into tblCustomer
values( 'C042', 'phamvanviet', 'd9b1d7db4cd6e70935368a1efb10e377', N'Phạm Văn Việt', '0976.634.678', 'phamvanviet@gmail.com', N'Số 25, Đường Trần Hưng Đạo, Phường Đông  Thành, TP Ninh Bình', 'Female', '1986-09-07', '2017-11-14', 300)

insert into tblCustomer
values( 'C043', 'dovanphong', 'd9b1d7db4cd6e70935368a1efb10e377', N'Đỗ Văn Phong ', '0972.056.929 ', 'dovanphong@yahoo.com', N'369 Đường 21 tháng 8 Phường Phước Mỹ, TP phan rang, Ninh Thuận', 'Male', '1987-09-20', '2016-07-20', 710)

insert into tblCustomer
values( 'C044', 'hoangvietdang', 'd9b1d7db4cd6e70935368a1efb10e377', N'Hoàng Việt Đăng', '0986997029', 'hoangvietdang@edu.vn', N'Số nhà 1688 đại lộ Hùng Vương, P. Nông Trang, Tp. Việt Trì, tỉnh Phú Thọ', 'Male', '1988-09-01', '2017-10-06', 840)

insert into tblCustomer
values( 'C045', 'damngocdongdao', 'd9b1d7db4cd6e70935368a1efb10e377', N'Đàm Ngọc Đồng Dao', '0989636363', 'damngocdongdao@example.com', N'Tòa nhà Viettel - Đường Hùng Vương, Phường 9, TP. Tuy Hòa, Tỉnh Phú Yên', 'Female', '1989-10-12', '2016-05-24', 220)

insert into tblCustomer
values( 'C046', 'nguyenthithuhien', 'd9b1d7db4cd6e70935368a1efb10e377', N'Nguyễn Thị Thu Hiền', '0979730073', 'nguyenthithuhien@fpt.edu.vn', N'Chi nhánh Viettel Quảng Bình - Số 44 Lý Thường Kiệt, TP Đồng Hới, Tỉnh Quảng Bình', 'Male', '1990-03-22', '2017-12-11', 0)

insert into tblCustomer
values( 'C047', 'lemyhung', 'd9b1d7db4cd6e70935368a1efb10e377', N'Lê Mỹ Hùng', '0982 120 016', 'lemyhung@gmail.com', N'CN Viettel Quảng Nam, Lô 39-40A, đường Phan Bội Châu, Phường Tân Thạnh, Tp.Tam Kỳ, tỉnh Quảng Nam', 'Female', '1991-05-23', '2016-08-14', 60)

insert into tblCustomer
values( 'C048', 'chithiet', 'd9b1d7db4cd6e70935368a1efb10e377', N'Chị Thiết', '0978005393', 'chithiet@yahoo.com', N'141A Nguyễn Nghiêm - Tp Quảng Ngãi', 'Male', '1992-03-17', '2017-07-09', 660)

insert into tblCustomer
values( 'C049', 'nguyenhuuminh', 'd9b1d7db4cd6e70935368a1efb10e377', N'Nguyễn Hữu Minh ', '0988 769 869', 'nguyenhuuminh@edu.vn', N'Tổ 41 Khu 3 Phường Bạch Đằng, TP. Hạ Long, Quảng Ninh ', 'Male', '1993-09-26', '2016-02-04', 1240)

insert into tblCustomer
values( 'C050', 'anhhuong', 'd9b1d7db4cd6e70935368a1efb10e377', N'Anh Hường', '0985003036', 'anhhuong@example.com', N'66 Nguyễn Trải, TP Đông Hà, tỉnh Quảng Trị', 'Male', '1994-12-13', '2017-06-03', 660)

insert into tblCustomer
values( 'C051', 'vohoanggiang', 'd9b1d7db4cd6e70935368a1efb10e377', N'Võ Hoàng Giang', '0983365465', 'vohoanggiang@fpt.edu.vn', N'243 Trần Hưng Đạo – Phường 3 – Tp. Sóc Trăng – tỉnh Sóc Trăng', 'Male', '1985-02-18', '2016-08-19', 0)

insert into tblCustomer
values( 'C052', 'nguyenngocanh', 'd9b1d7db4cd6e70935368a1efb10e377', N'Nguyễn Ngọc Ánh ', '0983 683 612', 'nguyenngocanh@gmail.com', N'Tòa nhà Viettel Sơn La số 01 đường Chu Văn Thịnh - TP. Sơn La - Tỉnh Sơn La', 'Female', '1986-08-17', '2017-12-25', 1240)

insert into tblCustomer
values( 'C053', 'lethihien', 'd9b1d7db4cd6e70935368a1efb10e377', N'Lê Thị Hiền', '0979857957', 'lethihien@yahoo.com', N'Số 969 Đường CMT8 - P Hiệp Bình - TX Tây Ninh - Tỉnh Tây Ninh', 'Female', '1987-05-22', '2016-11-26', 1360)

insert into tblCustomer
values( 'C054', 'nguyenductuyen', 'd9b1d7db4cd6e70935368a1efb10e377', N'Nguyễn Đức Tuyến ', '0988 945 222', 'nguyenductuyen@edu.vn', N'Tòa nhà Viettel số 431 phố Trần Hưng Đạo - Phường Trần Hưng Đạo thành phố Thái Bình', 'Male', '1988-06-23', '2017-11-14', 60)

insert into tblCustomer
values( 'C055', 'phananhviet', 'd9b1d7db4cd6e70935368a1efb10e377', N'Phan Anh Việt', '0968833579', 'phananhviet@example.com', N'Số 4 Đường Hoàng Văn Thụ - P Hoàng Văn Thụ - TP Thái Nguyên', 'Female', '1989-12-08', '2016-04-22', 1780)

insert into tblCustomer
values( 'C056', 'ngothobac', 'd9b1d7db4cd6e70935368a1efb10e377', N'Ngô Thọ Bắc', '0973174646', 'ngothobac@fpt.edu.vn', N'Nam Đại Lộ Lê lợi - Đông Hương - Thanh Hóa', 'Female', '1990-10-07', '2017-08-26', 1270)

insert into tblCustomer
values( 'C057', 'nguyenngocduy', 'd9b1d7db4cd6e70935368a1efb10e377', N'Nguyễn Ngọc Duy', '098462678', 'nguyenngocduy@gmail.com', N'Số 66, Đinh Bộ Lĩnh, Khu phố 5, Phường 9, TP Mỹ Tho, Tiền Giang', 'Male', '1991-11-26', '2016-10-02', 260)

insert into tblCustomer
values( 'C058', 'chungphanhungdinh', 'd9b1d7db4cd6e70935368a1efb10e377', N'Chung Phan Hùng Đỉnh', '0977757246', 'chungphanhungdinh@yahoo.com', N'Số 26 - Nguyễn An Ninh - Khóm 3, Phường 2, TP.Trà Vinh, Tỉnh Trà Vinh', 'Female', '1992-06-15', '2017-09-26', 460)

insert into tblCustomer
values( 'C059', 'nguyenanhdung', 'd9b1d7db4cd6e70935368a1efb10e377', N'Nguyễn Anh Dũng', '0982171181', 'nguyenanhdung@edu.vn', N'Chi nhánh Viettel Tuyên Quang - Đường Bình Thuận, Tổ 26, Phường Tân Quang, TP Tuyên Quang, Tỉnh TQ', 'Male', '1993-09-26', '2016-12-15', 0)

insert into tblCustomer
values( 'C060', 'phunganhnghiem', 'd9b1d7db4cd6e70935368a1efb10e377', N'Phùng Anh Nghiêm', '0988362111', 'phunganhnghiem@example.com', N'Số 71, đường Phạm Thái Bường, phường 4, Tp Vĩnh Long, tỉnh Vĩnh Long', 'Male', '1994-03-09', '2017-02-14', 200)

insert into tblCustomer
values( 'C061', 'lethihuong', 'd9b1d7db4cd6e70935368a1efb10e377', N'Lê Thị Hường', '0983902978', 'lethihuong@fpt.edu.vn', N'Số 1, Lô S1, Khu đô thị Chùa Hà Tiên, Vĩnh Yên, Vĩnh Phúc', 'Male', '1985-06-20', '2016-07-20', 780)

insert into tblCustomer
values( 'C062', 'chuhongquang', 'd9b1d7db4cd6e70935368a1efb10e377', N'Chu Hồng Quảng ', '0988997797', 'chuhongquang@gmail.com', N'30K2 Trương Văn Bang, F7, Tp.Vũng Tàu', 'Female', '1986-09-08', '2017-07-15', 640)

insert into tblCustomer
values( 'C063', 'phananhtung', 'd9b1d7db4cd6e70935368a1efb10e377', N'Phan Anh Tùng', '0977121763', 'phananhtung@yahoo.com', N'Tầng 7 Tòa nhà Viettel Yên Bái – Tổ 3, phường Hồng Hà, Thành phố Yên Bái (Đối diện ga YB)', 'Male', '1987-06-15', '2016-12-06', 270)


--tblProduct
insert into tblProduct 
values( 'P001', 'Salvatore Ferragamo Italia', 'Colour Shown: Clear Jade/Black/Hyper Turquoise/Metallic Vivid Gold Style: AJ3547-390', 80.000000, '62', 'Shoes', '2017-08-27', 1, 40, 20)

insert into tblProduct 
values( 'P002', 'Allen Edmonds', 'Colour Shown: Clear Jade/Black/Hyper Turquoise/Metallic Vivid Gold Style: AJ3547-390', 54.000000, '75', 'Shoes', '2017-06-25', 1, 20, 40)

insert into tblProduct 
values( 'P003', 'John Lobb Bootmaker', 'Colour Shown: Clear Jade/Black/Hyper Turquoise/Metallic Vivid Gold Style: AJ3547-390', 52.000000, '0', 'Shoes', '2017-10-06', 1, 20, 40)

insert into tblProduct 
values( 'P004', 'Gucci', 'Colour Shown: Clear Jade/Black/Hyper Turquoise/Metallic Vivid Gold Style: AJ3547-390', 57.000000, '43', 'Shoes', '2017-02-20', 1, 40, 0)

insert into tblProduct 
values( 'P005', 'Bruno Magli', 'Colour Shown: Clear Jade/Black/Hyper Turquoise/Metallic Vivid Gold Style: AJ3547-390', 96.000000, '45', 'Shoes', '2017-07-04', 1, 10, 30)

insert into tblProduct 
values( 'P006', 'Cole Haan', 'Colour Shown: Clear Jade/Black/Hyper Turquoise/Metallic Vivid Gold Style: AJ3547-390', 86.000000, '0', 'Shoes', '2017-09-16', 1, 20, 40)

insert into tblProduct 
values( 'P007', 'Johnston & Murphy', 'Colour Shown: Clear Jade/Black/Hyper Turquoise/Metallic Vivid Gold Style: AJ3547-390', 61.000000, '18', 'Shoes', '2018-04-02', 1, 20, 20)

insert into tblProduct 
values( 'P008', 'Prada', 'Colour Shown: Clear Jade/Black/Hyper Turquoise/Metallic Vivid Gold Style: AJ3547-390', 90.000000, '1', 'Shoes', '2017-09-10', 1, 30, 20)

insert into tblProduct 
values( 'P009', 'Alden', 'Colour Shown: Clear Jade/Black/Hyper Turquoise/Metallic Vivid Gold Style: AJ3547-390', 56.000000, '53', 'Shoes', '2017-02-21', 1, 0, 0)

insert into tblProduct 
values( 'P010', 'Berluti', 'Colour Shown: Clear Jade/Black/Hyper Turquoise/Metallic Vivid Gold Style: AJ3547-390', 93.000000, '31', 'Shoes', '2017-07-09', 1, 0, 40)

insert into tblProduct 
values( 'P011', 'Salvatore Ferragamo Italia', 'Colour Shown: Clear Jade/Black/Hyper Turquoise/Metallic Vivid Gold Style: AJ3547-390', 96.000000, '15', 'Shoes', '2017-09-02', 1, 30, 40)

insert into tblProduct 
values( 'P012', 'Allen Edmonds', 'Colour Shown: Clear Jade/Black/Hyper Turquoise/Metallic Vivid Gold Style: AJ3547-390', 52.000000, '24', 'Shoes', '2017-08-27', 1, 30, 40)

insert into tblProduct 
values( 'P013', 'John Lobb Bootmaker', 'Colour Shown: Clear Jade/Black/Hyper Turquoise/Metallic Vivid Gold Style: AJ3547-390', 75.000000, '18', 'Shoes', '2017-05-20', 1, 40, 10)

insert into tblProduct 
values( 'P014', 'Gucci', 'Colour Shown: Clear Jade/Black/Hyper Turquoise/Metallic Vivid Gold Style: AJ3547-390', 90.000000, '0', 'Shoes', '2017-11-14', 1, 40, 40)

insert into tblProduct 
values( 'P015', 'Bruno Magli', 'Colour Shown: Clear Jade/Black/Hyper Turquoise/Metallic Vivid Gold Style: AJ3547-390', 59.000000, '25', 'Shoes', '2018-02-22', 1, 30, 0)

insert into tblProduct 
values( 'P016', 'Cole Haan', 'Colour Shown: Clear Jade/Black/Hyper Turquoise/Metallic Vivid Gold Style: AJ3547-390', 76.000000, '68', 'Shoes', '2018-03-11', 1, 0, 0)

insert into tblProduct 
values( 'P017', 'Johnston & Murphy', 'Colour Shown: Clear Jade/Black/Hyper Turquoise/Metallic Vivid Gold Style: AJ3547-390', 98.000000, '49', 'Shoes', '2017-11-09', 1, 20, 0)

insert into tblProduct 
values( 'P018', 'Prada', 'Colour Shown: Clear Jade/Black/Hyper Turquoise/Metallic Vivid Gold Style: AJ3547-390', 55.000000, '10', 'Shoes', '2017-11-17', 1, 40, 40)

insert into tblProduct 
values( 'P019', 'Alden', 'Colour Shown: Clear Jade/Black/Hyper Turquoise/Metallic Vivid Gold Style: AJ3547-390', 74.000000, '0', 'Shoes', '2018-04-19', 1, 40, 20)

insert into tblProduct 
values( 'P020', 'Citizen', 'Baby D Blue Mother of Pearl Dial Diamonds Ladies Watch 042111M004', 92.000000, '18', 'Watch', '2017-02-06', 1, 10, 40)

insert into tblProduct 
values( 'P021', 'Casio ', 'Baby D Blue Mother of Pearl Dial Diamonds Ladies Watch 042111M004', 91.000000, '43', 'Watch', '2017-11-20', 1, 40, 0)

insert into tblProduct 
values( 'P022', 'TiTan', 'Baby D Blue Mother of Pearl Dial Diamonds Ladies Watch 042111M004', 84.000000, '87', 'Watch', '2017-07-04', 1, 20, 20)

insert into tblProduct 
values( 'P023', 'Skagen', 'Baby D Blue Mother of Pearl Dial Diamonds Ladies Watch 042111M004', 65.000000, '0', 'Watch', '2017-11-03', 1, 0, 20)

insert into tblProduct 
values( 'P024', 'Pulsar', 'Baby D Blue Mother of Pearl Dial Diamonds Ladies Watch 042111M004', 60.000000, '10', 'Watch', '2018-02-01', 1, 30, 40)

insert into tblProduct 
values( 'P025', 'Seiko', 'Baby D Blue Mother of Pearl Dial Diamonds Ladies Watch 042111M004', 71.000000, '3', 'Watch', '2018-04-23', 1, 30, 40)

insert into tblProduct 
values( 'P026', 'Police', 'Baby D Blue Mother of Pearl Dial Diamonds Ladies Watch 042111M004', 79.000000, '20', 'Watch', '2017-10-25', 1, 30, 0)

insert into tblProduct 
values( 'P027', 'Orien', 'Baby D Blue Mother of Pearl Dial Diamonds Ladies Watch 042111M004', 97.000000, '0', 'Watch', '2018-04-14', 1, 20, 40)

insert into tblProduct 
values( 'P028', 'Candino', 'Baby D Blue Mother of Pearl Dial Diamonds Ladies Watch 042111M004', 74.000000, '0', 'Watch', '2017-03-20', 1, 0, 0)

insert into tblProduct 
values( 'P029', 'Ulysse Nardin.', 'Baby D Blue Mother of Pearl Dial Diamonds Ladies Watch 042111M004', 56.000000, '54', 'Watch', '2018-02-13', 1, 20, 10)

insert into tblProduct 
values( 'P030', 'Bailey', 'Garden Toyo Straw Swinger Hat', 62.000000, '64', 'Hat', '2017-12-15', 1, 20, 0)

insert into tblProduct 
values( 'P031', 'Goorin', 'Garden Toyo Straw Swinger Hat', 53.000000, '44', 'Hat', '2017-02-03', 1, 30, 10)

insert into tblProduct 
values( 'P032', 'Christys’ Of London', 'Garden Toyo Straw Swinger Hat', 60.000000, '0', 'Hat', '2017-09-12', 1, 10, 30)

insert into tblProduct 
values( 'P033', 'New Era', 'Garden Toyo Straw Swinger Hat', 86.000000, '2', 'Hat', '2017-02-20', 1, 40, 30)

insert into tblProduct 
values( 'P034', 'Lock & Co. Hatters', 'Garden Toyo Straw Swinger Hat', 78.000000, '17', 'Hat', '2017-08-06', 1, 0, 10)

insert into tblProduct 
values( 'P035', 'Past Present', 'Garden Toyo Straw Swinger Hat', 89.000000, '0', 'Hat', '2017-12-22', 1, 20, 30)

insert into tblProduct 
values( 'P036', 'Borsalino', 'Garden Toyo Straw Swinger Hat', 83.000000, '0', 'Hat', '2018-03-16', 1, 30, 20)

insert into tblProduct 
values( 'P037', 'Barbour', 'Garden Toyo Straw Swinger Hat', 59.000000, '0', 'Hat', '2017-05-01', 1, 40, 0)

insert into tblProduct 
values( 'P038', 'Brixton', 'Garden Toyo Straw Swinger Hat', 52.000000, '0', 'Hat', '2017-04-07', 1, 10, 0)

insert into tblProduct 
values( 'P039', 'Larose', 'Garden Toyo Straw Swinger Hat', 86.000000, '53', 'Hat', '2017-06-02', 1, 10, 10)

insert into tblProduct 
values( 'P040', 'Ray-Ban', 'These elegantly designed clear frames make for the perfect accessory to your business or casual apparel. The Windsor s thin, sloping brow line with an overall boxy physique makes for an attractive frame, accenting any face.', 52.000000, '18', 'Sunglasess', '2017-04-27', 1, 40, 10)

insert into tblProduct 
values( 'P041', 'Oakley, Inc', 'These elegantly designed clear frames make for the perfect accessory to your business or casual apparel. The Windsor s thin, sloping brow line with an overall boxy physique makes for an attractive frame, accenting any face.', 56.000000, '0', 'Sunglasess', '2017-08-16', 1, 10, 10)

insert into tblProduct 
values( 'P042', 'Maui Jim', 'These elegantly designed clear frames make for the perfect accessory to your business or casual apparel. The Windsor s thin, sloping brow line with an overall boxy physique makes for an attractive frame, accenting any face.', 98.000000, '0', 'Sunglasess', '2018-03-03', 1, 30, 20)

insert into tblProduct 
values( 'P043', 'Prada Eyewear', 'These elegantly designed clear frames make for the perfect accessory to your business or casual apparel. The Windsor s thin, sloping brow line with an overall boxy physique makes for an attractive frame, accenting any face.', 92.000000, '1', 'Sunglasess', '2017-02-01', 1, 30, 20)

insert into tblProduct 
values( 'P044', 'Persol', 'These elegantly designed clear frames make for the perfect accessory to your business or casual apparel. The Windsor s thin, sloping brow line with an overall boxy physique makes for an attractive frame, accenting any face.', 74.000000, '72', 'Sunglasess', '2017-09-07', 1, 0, 10)

insert into tblProduct 
values( 'P045', 'Tom Ford', 'These elegantly designed clear frames make for the perfect accessory to your business or casual apparel. The Windsor s thin, sloping brow line with an overall boxy physique makes for an attractive frame, accenting any face.', 57.000000, '0', 'Sunglasess', '2017-09-20', 1, 10, 20)

insert into tblProduct 
values( 'P046', 'Gucci', 'These elegantly designed clear frames make for the perfect accessory to your business or casual apparel. The Windsor s thin, sloping brow line with an overall boxy physique makes for an attractive frame, accenting any face.', 61.000000, '0', 'Sunglasess', '2017-07-23', 1, 10, 30)

insert into tblProduct 
values( 'P047', 'Emporio Armani', 'These elegantly designed clear frames make for the perfect accessory to your business or casual apparel. The Windsor s thin, sloping brow line with an overall boxy physique makes for an attractive frame, accenting any face.', 61.000000, '0', 'Sunglasess', '2017-10-13', 1, 10, 40)

insert into tblProduct 
values( 'P048', 'Versace', 'These elegantly designed clear frames make for the perfect accessory to your business or casual apparel. The Windsor s thin, sloping brow line with an overall boxy physique makes for an attractive frame, accenting any face.', 67.000000, '71', 'Sunglasess', '2017-05-05', 1, 40, 20)

insert into tblProduct 
values( 'P049', 'Dolce & Gabbana', 'These elegantly designed clear frames make for the perfect accessory to your business or casual apparel. The Windsor s thin, sloping brow line with an overall boxy physique makes for an attractive frame, accenting any face.', 51.000000, '58', 'Sunglasess', '2017-04-19', 1, 10, 10)

insert into tblProduct 
values( 'P050', 'Anna Matuozzo', 'White solid casual shirt, has a spread collar, button placket, 1 pocket, long sleeves, curved hem.', 79.000000, '70', 'Shirt', '2017-04-01', 1, 40, 40)

insert into tblProduct 
values( 'P051', 'Battistoni', 'White solid casual shirt, has a spread collar, button placket, 1 pocket, long sleeves, curved hem.', 56.000000, '31', 'Shirt', '2018-04-20', 1, 30, 30)

insert into tblProduct 
values( 'P052', 'Ralph Lauren', 'White solid casual shirt, has a spread collar, button placket, 1 pocket, long sleeves, curved hem.', 61.000000, '19', 'Shirt', '2017-12-23', 1, 30, 30)

insert into tblProduct 
values( 'P053', 'Barba Napoli', 'White solid casual shirt, has a spread collar, button placket, 1 pocket, long sleeves, curved hem.', 86.000000, '10', 'Shirt', '2017-12-15', 1, 40, 10)

insert into tblProduct 
values( 'P054', 'Brioni', 'White solid casual shirt, has a spread collar, button placket, 1 pocket, long sleeves, curved hem.', 97.000000, '10', 'Shirt', '2018-03-19', 1, 20, 20)

insert into tblProduct 
values( 'P055', 'Charles Tyrwhitt', 'White solid casual shirt, has a spread collar, button placket, 1 pocket, long sleeves, curved hem.', 59.000000, '0', 'Shirt', '2017-09-21', 1, 20, 20)

insert into tblProduct 
values( 'P056', 'Hilditch And Key', 'White solid casual shirt, has a spread collar, button placket, 1 pocket, long sleeves, curved hem.', 73.000000, '0', 'Shirt', '2017-06-05', 1, 40, 40)

insert into tblProduct 
values( 'P057', 'Brooks Brothers', 'White solid casual shirt, has a spread collar, button placket, 1 pocket, long sleeves, curved hem.', 77.000000, '53', 'Shirt', '2017-02-10', 1, 10, 20)

insert into tblProduct 
values( 'P058', 'Gitman', 'White solid casual shirt, has a spread collar, button placket, 1 pocket, long sleeves, curved hem.', 71.000000, '0', 'Shirt', '2017-02-17', 1, 0, 0)

insert into tblProduct 
values( 'P059', 'Lorenzini', 'White solid casual shirt, has a spread collar, button placket, 1 pocket, long sleeves, curved hem.', 92.000000, '37', 'Shirt', '2018-03-23', 1, 0, 0)

insert into tblProduct 
values( 'P060', 'Birkenstock', 'Greenshoe Fashion Model Slide Footwear Custom Logo Men Slide Sandals', 56.000000, '46', 'Sandal', '2017-12-04', 1, 10, 0)

insert into tblProduct 
values( 'P061', 'Rainbow', 'Greenshoe Fashion Model Slide Footwear Custom Logo Men Slide Sandals', 61.000000, '79', 'Sandal', '2017-08-27', 1, 30, 30)

insert into tblProduct 
values( 'P062', 'Reef', 'Greenshoe Fashion Model Slide Footwear Custom Logo Men Slide Sandals', 98.000000, '0', 'Sandal', '2017-10-03', 1, 20, 40)

insert into tblProduct 
values( 'P063', 'Nike, Inc.', 'Greenshoe Fashion Model Slide Footwear Custom Logo Men Slide Sandals', 99.000000, '21', 'Sandal', '2018-03-05', 1, 30, 30)

insert into tblProduct 
values( 'P064', 'American Eagle', 'Greenshoe Fashion Model Slide Footwear Custom Logo Men Slide Sandals', 80.000000, '0', 'Sandal', '2017-04-09', 1, 40, 20)

insert into tblProduct 
values( 'P065', 'Sanuk', 'Greenshoe Fashion Model Slide Footwear Custom Logo Men Slide Sandals', 99.000000, '55', 'Sandal', '2017-05-23', 1, 30, 30)

insert into tblProduct 
values( 'P066', 'Converse', 'Greenshoe Fashion Model Slide Footwear Custom Logo Men Slide Sandals', 54.000000, '0', 'Sandal', '2017-10-24', 1, 0, 20)

insert into tblProduct 
values( 'P067', 'Teva', 'Greenshoe Fashion Model Slide Footwear Custom Logo Men Slide Sandals', 95.000000, '0', 'Sandal', '2018-02-12', 1, 0, 30)

insert into tblProduct 
values( 'P068', 'Havaianas', 'Greenshoe Fashion Model Slide Footwear Custom Logo Men Slide Sandals', 75.000000, '34', 'Sandal', '2017-09-11', 1, 20, 10)

insert into tblProduct 
values( 'P069', 'Adidas', 'Greenshoe Fashion Model Slide Footwear Custom Logo Men Slide Sandals', 51.000000, '75', 'Sandal', '2017-07-17', 1, 20, 20)

insert into tblProduct 
values( 'P070', 'Chopard', 'he Candi Cane Silver Bracelet is a silver plated bangle that will bring positive vibes with wear. Includes a spinning charm that will uplift your day with words like believe, luck and power', 81.000000, '51', 'Earring', '2017-12-25', 1, 10, 10)

insert into tblProduct 
values( 'P071', 'Mikimoto', 'he Candi Cane Silver Bracelet is a silver plated bangle that will bring positive vibes with wear. Includes a spinning charm that will uplift your day with words like believe, luck and power', 87.000000, '82', 'Earring', '2017-03-26', 1, 20, 40)

insert into tblProduct 
values( 'P072', 'Bvlgari', 'he Candi Cane Silver Bracelet is a silver plated bangle that will bring positive vibes with wear. Includes a spinning charm that will uplift your day with words like believe, luck and power', 71.000000, '50', 'Earring', '2017-06-24', 1, 10, 40)

insert into tblProduct 
values( 'P073', 'Piaget', 'he Candi Cane Silver Bracelet is a silver plated bangle that will bring positive vibes with wear. Includes a spinning charm that will uplift your day with words like believe, luck and power', 50.000000, '110', 'Earring', '2017-11-10', 1, 40, 30)

insert into tblProduct 
values( 'P074', 'Graff', 'he Candi Cane Silver Bracelet is a silver plated bangle that will bring positive vibes with wear. Includes a spinning charm that will uplift your day with words like believe, luck and power', 51.000000, '53', 'Earring', '2018-02-11', 1, 10, 40)

insert into tblProduct 
values( 'P075', 'Tiffany & Co.', 'he Candi Cane Silver Bracelet is a silver plated bangle that will bring positive vibes with wear. Includes a spinning charm that will uplift your day with words like believe, luck and power', 82.000000, '57', 'Earring', '2017-02-08', 1, 10, 40)

insert into tblProduct 
values( 'P076', 'Harry Winston', 'he Candi Cane Silver Bracelet is a silver plated bangle that will bring positive vibes with wear. Includes a spinning charm that will uplift your day with words like believe, luck and power', 51.000000, '3', 'Earring', '2017-10-21', 1, 30, 40)

insert into tblProduct 
values( 'P077', 'Cartier', 'he Candi Cane Silver Bracelet is a silver plated bangle that will bring positive vibes with wear. Includes a spinning charm that will uplift your day with words like believe, luck and power', 52.000000, '0', 'Earring', '2018-03-21', 1, 30, 0)

insert into tblProduct 
values( 'P078', 'Van Cleef & Arpels', 'he Candi Cane Silver Bracelet is a silver plated bangle that will bring positive vibes with wear. Includes a spinning charm that will uplift your day with words like believe, luck and power', 50.000000, '36', 'Earring', '2017-08-07', 1, 20, 40)

insert into tblProduct 
values( 'P079', 'Buccellati', 'he Candi Cane Silver Bracelet is a silver plated bangle that will bring positive vibes with wear. Includes a spinning charm that will uplift your day with words like believe, luck and power', 96.000000, '26', 'Earring', '2017-04-20', 1, 30, 30)

insert into tblProduct 
values( 'P080', 'Shining Diva', 'Leather and brass bracelet in black and antiqued gold-tone. Signature carved skull accents at ends. Logo-engraved toggle fastening. Approx. 3 diameter.', 76.000000, '0', 'Bracelet', '2017-12-26', 1, 30, 0)

insert into tblProduct 
values( 'P081', 'Toniq', 'Leather and brass bracelet in black and antiqued gold-tone. Signature carved skull accents at ends. Logo-engraved toggle fastening. Approx. 3 diameter.', 79.000000, '0', 'Bracelet', '2017-03-12', 1, 30, 30)

insert into tblProduct 
values( 'P082', 'Style Fiesta', 'Leather and brass bracelet in black and antiqued gold-tone. Signature carved skull accents at ends. Logo-engraved toggle fastening. Approx. 3 diameter.', 58.000000, '0', 'Bracelet', '2017-07-14', 1, 40, 20)

insert into tblProduct 
values( 'P083', 'DressBerry', 'Leather and brass bracelet in black and antiqued gold-tone. Signature carved skull accents at ends. Logo-engraved toggle fastening. Approx. 3 diameter.', 53.000000, '42', 'Bracelet', '2017-04-26', 1, 30, 0)

insert into tblProduct 
values( 'P084', 'Voylla', 'Leather and brass bracelet in black and antiqued gold-tone. Signature carved skull accents at ends. Logo-engraved toggle fastening. Approx. 3 diameter.', 98.000000, '1', 'Bracelet', '2017-07-10', 1, 10, 30)

insert into tblProduct 
values( 'P085', 'Accessorize', 'Leather and brass bracelet in black and antiqued gold-tone. Signature carved skull accents at ends. Logo-engraved toggle fastening. Approx. 3 diameter.', 75.000000, '1', 'Bracelet', '2017-08-01', 1, 30, 0)

insert into tblProduct 
values( 'P086', 'Zaveri Pearls', 'Leather and brass bracelet in black and antiqued gold-tone. Signature carved skull accents at ends. Logo-engraved toggle fastening. Approx. 3 diameter.', 81.000000, '23', 'Bracelet', '2017-03-22', 1, 20, 0)

insert into tblProduct 
values( 'P087', 'Thingalicious', 'Leather and brass bracelet in black and antiqued gold-tone. Signature carved skull accents at ends. Logo-engraved toggle fastening. Approx. 3 diameter.', 75.000000, '19', 'Bracelet', '2017-12-19', 1, 0, 30)

insert into tblProduct 
values( 'P088', 'Tipsyfly', 'Leather and brass bracelet in black and antiqued gold-tone. Signature carved skull accents at ends. Logo-engraved toggle fastening. Approx. 3 diameter.', 59.000000, '0', 'Bracelet', '2017-05-02', 1, 10, 10)

insert into tblProduct 
values( 'P089', 'Faballey', 'Leather and brass bracelet in black and antiqued gold-tone. Signature carved skull accents at ends. Logo-engraved toggle fastening. Approx. 3 diameter.', 75.000000, '41', 'Bracelet', '2018-03-04', 1, 20, 40)

insert into tblProduct 
values( 'P090', 'Tiffany & Co.', 'This Swarvoski swan pendant is crafted styled in rhodium-plated clear crystal pave. The pendant hangs delicately off an elegant chain. ', 71.000000, '31', 'Necklet', '2018-03-05', 1, 40, 20)

insert into tblProduct 
values( 'P091', 'Harry Winston', 'This Swarvoski swan pendant is crafted styled in rhodium-plated clear crystal pave. The pendant hangs delicately off an elegant chain. ', 63.000000, '66', 'Necklet', '2017-05-02', 1, 40, 30)

insert into tblProduct 
values( 'P092', 'Cartier', 'This Swarvoski swan pendant is crafted styled in rhodium-plated clear crystal pave. The pendant hangs delicately off an elegant chain. ', 60.000000, '0', 'Necklet', '2017-10-18', 1, 40, 40)

insert into tblProduct 
values( 'P093', 'Chopard', 'This Swarvoski swan pendant is crafted styled in rhodium-plated clear crystal pave. The pendant hangs delicately off an elegant chain. ', 73.000000, '0', 'Necklet', '2017-06-04', 1, 0, 10)

insert into tblProduct 
values( 'P094', 'Van Cleef & Arpels', 'This Swarvoski swan pendant is crafted styled in rhodium-plated clear crystal pave. The pendant hangs delicately off an elegant chain. ', 55.000000, '0', 'Necklet', '2017-06-09', 1, 30, 0)

insert into tblProduct 
values( 'P095', 'Graff', 'This Swarvoski swan pendant is crafted styled in rhodium-plated clear crystal pave. The pendant hangs delicately off an elegant chain. ', 82.000000, '46', 'Necklet', '2017-04-08', 1, 10, 20)

insert into tblProduct 
values( 'P096', 'David Yurman', 'This Swarvoski swan pendant is crafted styled in rhodium-plated clear crystal pave. The pendant hangs delicately off an elegant chain. ', 92.000000, '29', 'Necklet', '2017-11-27', 1, 0, 10)

insert into tblProduct 
values( 'P097', 'Buccellati', 'This Swarvoski swan pendant is crafted styled in rhodium-plated clear crystal pave. The pendant hangs delicately off an elegant chain. ', 94.000000, '0', 'Necklet', '2017-03-27', 1, 40, 10)

insert into tblProduct 
values( 'P098', 'Bvlgari', 'This Swarvoski swan pendant is crafted styled in rhodium-plated clear crystal pave. The pendant hangs delicately off an elegant chain. ', 51.000000, '1', 'Necklet', '2017-04-09', 1, 0, 0)

insert into tblProduct 
values( 'P099', 'Boucheron', 'This Swarvoski swan pendant is crafted styled in rhodium-plated clear crystal pave. The pendant hangs delicately off an elegant chain. ', 77.000000, '0', 'Necklet', '2018-02-23', 1, 30, 10)


--tblProductModificationHistory
insert into tblProductModificationHistory
values('P001', 'E092', '2017-08-27', N'Nhập mới 62 sản phẩm')

insert into tblProductModificationHistory
values('P002', 'E054', '2017-06-25', N'Nhập mới 111 sản phẩm')

insert into tblProductModificationHistory
values('P003', 'E084', '2017-10-06', N'Nhập mới 46 sản phẩm')

insert into tblProductModificationHistory
values('P004', 'E068', '2017-02-20', N'Nhập mới 124 sản phẩm')

insert into tblProductModificationHistory
values('P005', 'E073', '2017-07-04', N'Nhập mới 116 sản phẩm')

insert into tblProductModificationHistory
values('P006', 'E056', '2017-09-16', N'Nhập mới 42 sản phẩm')

insert into tblProductModificationHistory
values('P007', 'E002', '2018-04-02', N'Nhập mới 94 sản phẩm')

insert into tblProductModificationHistory
values('P008', 'E038', '2017-09-10', N'Nhập mới 46 sản phẩm')

insert into tblProductModificationHistory
values('P009', 'E093', '2017-02-21', N'Nhập mới 104 sản phẩm')

insert into tblProductModificationHistory
values('P010', 'E078', '2017-07-09', N'Nhập mới 116 sản phẩm')

insert into tblProductModificationHistory
values('P011', 'E003', '2017-09-02', N'Nhập mới 86 sản phẩm')

insert into tblProductModificationHistory
values('P012', 'E034', '2017-08-27', N'Nhập mới 93 sản phẩm')

insert into tblProductModificationHistory
values('P013', 'E061', '2017-05-20', N'Nhập mới 99 sản phẩm')

insert into tblProductModificationHistory
values('P014', 'E008', '2017-11-14', N'Nhập mới 33 sản phẩm')

insert into tblProductModificationHistory
values('P015', 'E072', '2018-02-22', N'Nhập mới 111 sản phẩm')

insert into tblProductModificationHistory
values('P016', 'E071', '2018-03-11', N'Nhập mới 114 sản phẩm')

insert into tblProductModificationHistory
values('P017', 'E096', '2017-11-09', N'Nhập mới 93 sản phẩm')

insert into tblProductModificationHistory
values('P018', 'E025', '2017-11-17', N'Nhập mới 66 sản phẩm')

insert into tblProductModificationHistory
values('P019', 'E027', '2018-04-19', N'Nhập mới 34 sản phẩm')

insert into tblProductModificationHistory
values('P020', 'E010', '2017-02-06', N'Nhập mới 92 sản phẩm')

insert into tblProductModificationHistory
values('P021', 'E046', '2017-11-20', N'Nhập mới 120 sản phẩm')

insert into tblProductModificationHistory
values('P022', 'E007', '2017-07-04', N'Nhập mới 106 sản phẩm')

insert into tblProductModificationHistory
values('P023', 'E045', '2017-11-03', N'Nhập mới 63 sản phẩm')

insert into tblProductModificationHistory
values('P024', 'E048', '2018-02-01', N'Nhập mới 52 sản phẩm')

insert into tblProductModificationHistory
values('P025', 'E099', '2018-04-23', N'Nhập mới 67 sản phẩm')

insert into tblProductModificationHistory
values('P026', 'E043', '2017-10-25', N'Nhập mới 80 sản phẩm')

insert into tblProductModificationHistory
values('P027', 'E070', '2018-04-14', N'Nhập mới 43 sản phẩm')

insert into tblProductModificationHistory
values('P028', 'E022', '2017-03-20', N'Nhập mới 55 sản phẩm')

insert into tblProductModificationHistory
values('P029', 'E001', '2018-02-13', N'Nhập mới 90 sản phẩm')

insert into tblProductModificationHistory
values('P030', 'E075', '2017-12-15', N'Nhập mới 110 sản phẩm')

insert into tblProductModificationHistory
values('P031', 'E023', '2017-02-03', N'Nhập mới 122 sản phẩm')

insert into tblProductModificationHistory
values('P032', 'E004', '2017-09-12', N'Nhập mới 61 sản phẩm')

insert into tblProductModificationHistory
values('P033', 'E020', '2017-02-20', N'Nhập mới 51 sản phẩm')

insert into tblProductModificationHistory
values('P034', 'E003', '2017-08-06', N'Nhập mới 81 sản phẩm')

insert into tblProductModificationHistory
values('P035', 'E039', '2017-12-22', N'Nhập mới 44 sản phẩm')

insert into tblProductModificationHistory
values('P036', 'E018', '2018-03-16', N'Nhập mới 39 sản phẩm')

insert into tblProductModificationHistory
values('P037', 'E043', '2017-05-01', N'Nhập mới 30 sản phẩm')

insert into tblProductModificationHistory
values('P038', 'E018', '2017-04-07', N'Nhập mới 35 sản phẩm')

insert into tblProductModificationHistory
values('P039', 'E006', '2017-06-02', N'Nhập mới 103 sản phẩm')

insert into tblProductModificationHistory
values('P040', 'E019', '2017-04-27', N'Nhập mới 74 sản phẩm')

insert into tblProductModificationHistory
values('P041', 'E092', '2017-08-16', N'Nhập mới 112 sản phẩm')

insert into tblProductModificationHistory
values('P042', 'E072', '2018-03-03', N'Nhập mới 51 sản phẩm')

insert into tblProductModificationHistory
values('P043', 'E035', '2017-02-01', N'Nhập mới 54 sản phẩm')

insert into tblProductModificationHistory
values('P044', 'E089', '2017-09-07', N'Nhập mới 125 sản phẩm')

insert into tblProductModificationHistory
values('P045', 'E095', '2017-09-20', N'Nhập mới 76 sản phẩm')

insert into tblProductModificationHistory
values('P046', 'E027', '2017-07-23', N'Nhập mới 34 sản phẩm')

insert into tblProductModificationHistory
values('P047', 'E083', '2017-10-13', N'Nhập mới 74 sản phẩm')

insert into tblProductModificationHistory
values('P048', 'E006', '2017-05-05', N'Nhập mới 117 sản phẩm')

insert into tblProductModificationHistory
values('P049', 'E082', '2017-04-19', N'Nhập mới 115 sản phẩm')

insert into tblProductModificationHistory
values('P050', 'E070', '2017-04-01', N'Nhập mới 125 sản phẩm')

insert into tblProductModificationHistory
values('P051', 'E049', '2018-04-20', N'Nhập mới 84 sản phẩm')

insert into tblProductModificationHistory
values('P052', 'E003', '2017-12-23', N'Nhập mới 99 sản phẩm')

insert into tblProductModificationHistory
values('P053', 'E025', '2017-12-15', N'Nhập mới 107 sản phẩm')

insert into tblProductModificationHistory
values('P054', 'E012', '2018-03-19', N'Nhập mới 95 sản phẩm')

insert into tblProductModificationHistory
values('P055', 'E036', '2017-09-21', N'Nhập mới 36 sản phẩm')

insert into tblProductModificationHistory
values('P056', 'E037', '2017-06-05', N'Nhập mới 43 sản phẩm')

insert into tblProductModificationHistory
values('P057', 'E084', '2017-02-10', N'Nhập mới 127 sản phẩm')

insert into tblProductModificationHistory
values('P058', 'E047', '2017-02-17', N'Nhập mới 46 sản phẩm')

insert into tblProductModificationHistory
values('P059', 'E041', '2018-03-23', N'Nhập mới 115 sản phẩm')

insert into tblProductModificationHistory
values('P060', 'E015', '2017-12-04', N'Nhập mới 86 sản phẩm')

insert into tblProductModificationHistory
values('P061', 'E009', '2017-08-27', N'Nhập mới 127 sản phẩm')

insert into tblProductModificationHistory
values('P062', 'E052', '2017-10-03', N'Nhập mới 87 sản phẩm')

insert into tblProductModificationHistory
values('P063', 'E046', '2018-03-05', N'Nhập mới 77 sản phẩm')

insert into tblProductModificationHistory
values('P064', 'E012', '2017-04-09', N'Nhập mới 41 sản phẩm')

insert into tblProductModificationHistory
values('P065', 'E044', '2017-05-23', N'Nhập mới 122 sản phẩm')

insert into tblProductModificationHistory
values('P066', 'E071', '2017-10-24', N'Nhập mới 72 sản phẩm')

insert into tblProductModificationHistory
values('P067', 'E064', '2018-02-12', N'Nhập mới 62 sản phẩm')

insert into tblProductModificationHistory
values('P068', 'E006', '2017-09-11', N'Nhập mới 99 sản phẩm')

insert into tblProductModificationHistory
values('P069', 'E040', '2017-07-17', N'Nhập mới 110 sản phẩm')

insert into tblProductModificationHistory
values('P070', 'E079', '2017-12-25', N'Nhập mới 116 sản phẩm')

insert into tblProductModificationHistory
values('P071', 'E058', '2017-03-26', N'Nhập mới 124 sản phẩm')

insert into tblProductModificationHistory
values('P072', 'E074', '2017-06-24', N'Nhập mới 97 sản phẩm')

insert into tblProductModificationHistory
values('P073', 'E084', '2017-11-10', N'Nhập mới 128 sản phẩm')

insert into tblProductModificationHistory
values('P074', 'E049', '2018-02-11', N'Nhập mới 118 sản phẩm')

insert into tblProductModificationHistory
values('P075', 'E015', '2017-02-08', N'Nhập mới 110 sản phẩm')

insert into tblProductModificationHistory
values('P076', 'E041', '2017-10-21', N'Nhập mới 72 sản phẩm')

insert into tblProductModificationHistory
values('P077', 'E096', '2018-03-21', N'Nhập mới 93 sản phẩm')

insert into tblProductModificationHistory
values('P078', 'E009', '2017-08-07', N'Nhập mới 103 sản phẩm')

insert into tblProductModificationHistory
values('P079', 'E070', '2017-04-20', N'Nhập mới 98 sản phẩm')

insert into tblProductModificationHistory
values('P080', 'E081', '2017-12-26', N'Nhập mới 61 sản phẩm')

insert into tblProductModificationHistory
values('P081', 'E015', '2017-03-12', N'Nhập mới 42 sản phẩm')

insert into tblProductModificationHistory
values('P082', 'E035', '2017-07-14', N'Nhập mới 32 sản phẩm')

insert into tblProductModificationHistory
values('P083', 'E004', '2017-04-26', N'Nhập mới 91 sản phẩm')

insert into tblProductModificationHistory
values('P084', 'E048', '2017-07-10', N'Nhập mới 95 sản phẩm')

insert into tblProductModificationHistory
values('P085', 'E078', '2017-08-01', N'Nhập mới 106 sản phẩm')

insert into tblProductModificationHistory
values('P086', 'E027', '2017-03-22', N'Nhập mới 61 sản phẩm')

insert into tblProductModificationHistory
values('P087', 'E014', '2017-12-19', N'Nhập mới 90 sản phẩm')

insert into tblProductModificationHistory
values('P088', 'E086', '2017-05-02', N'Nhập mới 35 sản phẩm')

insert into tblProductModificationHistory
values('P089', 'E050', '2018-03-04', N'Nhập mới 107 sản phẩm')

insert into tblProductModificationHistory
values('P090', 'E076', '2018-03-05', N'Nhập mới 90 sản phẩm')

insert into tblProductModificationHistory
values('P091', 'E080', '2017-05-02', N'Nhập mới 120 sản phẩm')

insert into tblProductModificationHistory
values('P092', 'E061', '2017-10-18', N'Nhập mới 46 sản phẩm')

insert into tblProductModificationHistory
values('P093', 'E084', '2017-06-04', N'Nhập mới 93 sản phẩm')

insert into tblProductModificationHistory
values('P094', 'E019', '2017-06-09', N'Nhập mới 48 sản phẩm')

insert into tblProductModificationHistory
values('P095', 'E070', '2017-04-08', N'Nhập mới 100 sản phẩm')

insert into tblProductModificationHistory
values('P096', 'E055', '2017-11-27', N'Nhập mới 85 sản phẩm')

insert into tblProductModificationHistory
values('P097', 'E011', '2017-03-27', N'Nhập mới 36 sản phẩm')

insert into tblProductModificationHistory
values('P098', 'E095', '2017-04-09', N'Nhập mới 60 sản phẩm')

insert into tblProductModificationHistory
values('P099', 'E017', '2018-02-23', N'Nhập mới 45 sản phẩm')


--tblProductImage
insert into tblProductImage 
values( 'P001', 'P001.jpg')

insert into tblProductImage 
values( 'P002', 'P002.jpg')

insert into tblProductImage 
values( 'P003', 'P003.jpeg')

insert into tblProductImage 
values( 'P004', 'P004.jpeg')

insert into tblProductImage 
values( 'P005', 'P005.jpeg')

insert into tblProductImage 
values( 'P006', 'P006.jpeg')

insert into tblProductImage 
values( 'P007', 'P007.jpeg')

insert into tblProductImage 
values( 'P008', 'P008.jpeg')

insert into tblProductImage 
values( 'P009', 'P009.jpeg')

insert into tblProductImage 
values( 'P010', 'P010.jpeg')

insert into tblProductImage 
values( 'P011', 'P011.jpg')

insert into tblProductImage 
values( 'P012', 'P012.jpeg')

insert into tblProductImage 
values( 'P013', 'P013.jpg')

insert into tblProductImage 
values( 'P014', 'P014.jpeg')

insert into tblProductImage 
values( 'P015', 'P015.jpeg')

insert into tblProductImage 
values( 'P016', 'P016.jpeg')

insert into tblProductImage 
values( 'P017', 'P017.jpeg')

insert into tblProductImage 
values( 'P018', 'P018.jpeg')

insert into tblProductImage 
values( 'P019', 'P019.jpeg')

insert into tblProductImage 
values( 'P020', 'P020.jpeg')

insert into tblProductImage 
values( 'P021', 'P021.jpeg')

insert into tblProductImage 
values( 'P022', 'P022.jpeg')

insert into tblProductImage 
values( 'P023', 'P023.jpeg')

insert into tblProductImage 
values( 'P024', 'P024.jpeg')

insert into tblProductImage 
values( 'P025', 'P025.jpeg')

insert into tblProductImage 
values( 'P026', 'P026.jpeg')

insert into tblProductImage 
values( 'P027', 'P027.jpeg')

insert into tblProductImage 
values( 'P028', 'P028.jpeg')

insert into tblProductImage 
values( 'P029', 'P029.jpeg')

insert into tblProductImage 
values( 'P030', 'P030.jpg')

insert into tblProductImage 
values( 'P031', 'P031.jpg')

insert into tblProductImage 
values( 'P032', 'P032.jpeg')

insert into tblProductImage 
values( 'P033', 'P033.jpeg')

insert into tblProductImage 
values( 'P034', 'P034.jpeg')

insert into tblProductImage 
values( 'P035', 'P035.jpeg')

insert into tblProductImage 
values( 'P036', 'P036.jpeg')

insert into tblProductImage 
values( 'P037', 'P037.jpeg')

insert into tblProductImage 
values( 'P038', 'P038.jpeg')

insert into tblProductImage 
values( 'P039', 'P039.jpeg')

insert into tblProductImage 
values( 'P040', 'P040.jpeg')

insert into tblProductImage 
values( 'P041', 'P041.jpeg')

insert into tblProductImage 
values( 'P042', 'P042.jpeg')

insert into tblProductImage 
values( 'P043', 'P043.jpeg')

insert into tblProductImage 
values( 'P044', 'P044.jpeg')

insert into tblProductImage 
values( 'P045', 'P045.jpeg')

insert into tblProductImage 
values( 'P046', 'P046.jpeg')

insert into tblProductImage 
values( 'P047', 'P047.jpeg')

insert into tblProductImage 
values( 'P048', 'P048.jpeg')

insert into tblProductImage 
values( 'P049', 'P049.jpeg')

insert into tblProductImage 
values( 'P050', 'P050.jpeg')

insert into tblProductImage 
values( 'P051', 'P051.jpeg')

insert into tblProductImage 
values( 'P052', 'P052.jpeg')

insert into tblProductImage 
values( 'P053', 'P053.jpeg')

insert into tblProductImage 
values( 'P054', 'P054.jpeg')

insert into tblProductImage 
values( 'P055', 'P055.jpeg')

insert into tblProductImage 
values( 'P056', 'P056.jpeg')

insert into tblProductImage 
values( 'P057', 'P057.jpeg')

insert into tblProductImage 
values( 'P058', 'P058.jpeg')

insert into tblProductImage 
values( 'P059', 'P059.jpeg')

insert into tblProductImage 
values( 'P060', 'P060.jpeg')

insert into tblProductImage 
values( 'P061', 'P061.jpeg')

insert into tblProductImage 
values( 'P062', 'P062.jpeg')

insert into tblProductImage 
values( 'P063', 'P063.jpg')

insert into tblProductImage 
values( 'P064', 'P064.jpeg')

insert into tblProductImage 
values( 'P065', 'P065.jpeg')

insert into tblProductImage 
values( 'P066', 'P066.jpeg')

insert into tblProductImage 
values( 'P067', 'P067.jpeg')

insert into tblProductImage 
values( 'P068', 'P068.jpeg')

insert into tblProductImage 
values( 'P069', 'P069.jpeg')

insert into tblProductImage 
values( 'P070', 'P070.jpeg')

insert into tblProductImage 
values( 'P071', 'P071.jpeg')

insert into tblProductImage 
values( 'P072', 'P072.jpeg')

insert into tblProductImage 
values( 'P073', 'P073.jpeg')

insert into tblProductImage 
values( 'P074', 'P074.jpeg')

insert into tblProductImage 
values( 'P075', 'P075.jpeg')

insert into tblProductImage 
values( 'P076', 'P076.jpeg')

insert into tblProductImage 
values( 'P077', 'P077.jpeg')

insert into tblProductImage 
values( 'P078', 'P078.jpeg')

insert into tblProductImage 
values( 'P079', 'P079.jpeg')

insert into tblProductImage 
values( 'P080', 'P080.jpeg')

insert into tblProductImage 
values( 'P081', 'P081.jpeg')

insert into tblProductImage 
values( 'P082', 'P082.jpeg')

insert into tblProductImage 
values( 'P083', 'P083.jpeg')

insert into tblProductImage 
values( 'P084', 'P084.jpeg')

insert into tblProductImage 
values( 'P085', 'P085.jpeg')

insert into tblProductImage 
values( 'P086', 'P086.jpeg')

insert into tblProductImage 
values( 'P087', 'P087.jpeg')

insert into tblProductImage 
values( 'P088', 'P088.jpeg')

insert into tblProductImage 
values( 'P089', 'P089.jpeg')

insert into tblProductImage 
values( 'P090', 'P090.jpeg')

insert into tblProductImage 
values( 'P091', 'P091.jpeg')

insert into tblProductImage 
values( 'P092', 'P092.jpeg')

insert into tblProductImage 
values( 'P093', 'P093.jpeg')

insert into tblProductImage 
values( 'P094', 'P094.jpeg')

insert into tblProductImage 
values( 'P095', 'P095.jpeg')

insert into tblProductImage 
values( 'P096', 'P096.jpeg')

insert into tblProductImage 
values( 'P097', 'P097.jpeg')

insert into tblProductImage 
values( 'P098', 'P098.jpeg')

insert into tblProductImage 
values( 'P099', 'P099.jpeg')


--tblVoucher
insert into tblVoucher
values('N5L4MJHEA0', 17, 0, '2017-02-25', '2017-03-08', 'Many', null)

insert into tblVoucher
values('3A2KKKM03M', 23, 0, '2018-02-10', '2018-02-21', 'Once', null)

insert into tblVoucher
values('9H6842GP5G', 23, 0, '2017-06-25', '2017-07-06', 'Once', null)

insert into tblVoucher
values('DO87C45DFO', 12, 0, '2017-08-21', '2017-09-01', 'Once', null)

insert into tblVoucher
values('9PG3PIE2CB', 21, 0, '2018-02-26', '2018-03-09', 'Many', null)

insert into tblVoucher
values('F4AM9J2D6M', 25, 0, '2017-02-20', '2017-03-03', 'Once', null)

insert into tblVoucher
values('IM5N2P41JA', 17, 1, '2018-04-27', '2018-05-08', 'Many', null)

insert into tblVoucher
values('I843799PLK', 26, 0, '2017-02-12', '2017-02-23', 'Many', null)

insert into tblVoucher
values('J9M66C4GIH', 25, 0, '2017-08-01', '2017-08-12', 'Once', null)

insert into tblVoucher
values('JMK8PC0P5A', 29, 0, '2017-03-21', '2017-04-01', 'Many', null)

insert into tblVoucher
values('EMI9GKODHP', 15, 0, '2017-09-26', '2017-10-07', 'Many', null)

insert into tblVoucher
values('0HB06DJKIN', 11, 0, '2017-04-02', '2017-04-13', 'Once', null)

insert into tblVoucher
values('N63P49J08C', 13, 0, '2017-04-03', '2017-04-14', 'Once', null)

insert into tblVoucher
values('NILIEBCDDI', 26, 0, '2018-02-17', '2018-02-28', 'Many', null)

insert into tblVoucher
values('I42DH7N1PN', 22, 0, '2017-09-17', '2017-09-28', 'Many', null)

insert into tblVoucher
values('CHE1OMA22C', 24, 0, '2017-06-02', '2017-06-13', 'Many', null)

insert into tblVoucher
values('77F178LG1F', 25, 0, '2018-02-08', '2018-02-19', 'Once', null)

insert into tblVoucher
values('9B3J0LG447', 22, 0, '2017-11-23', '2017-12-04', 'Once', null)

insert into tblVoucher
values('EKO24I8GLP', 24, 0, '2018-03-10', '2018-03-21', 'Once', null)

insert into tblVoucher
values('EPH20LD5J6', 12, 0, '2017-11-25', '2017-12-06', 'Once', null)

insert into tblVoucher
values('BNEN8LA2FG', 22, 0, '2017-11-24', '2017-12-05', 'Once', null)

insert into tblVoucher
values('KF376A9CI1', 20, 0, '2017-10-12', '2017-10-23', 'Once', null)

insert into tblVoucher
values('BIOP32IEKO', 25, 0, '2018-02-13', '2018-02-24', 'Many', null)

insert into tblVoucher
values('GK9G7I05JL', 10, 0, '2017-02-06', '2017-02-17', 'Many', null)

insert into tblVoucher
values('C72FJ5M27J', 22, 0, '2017-03-27', '2017-04-07', 'Many', null)

insert into tblVoucher
values('DCOP00KJ41', 22, 0, '2017-11-13', '2017-11-24', 'Many', null)

insert into tblVoucher
values('B94CEP3J7C', 19, 0, '2017-03-19', '2017-03-30', 'Many', null)

insert into tblVoucher
values('F3H8LLJ447', 22, 0, '2018-02-17', '2018-02-28', 'Once', null)

insert into tblVoucher
values('1A3A10ALL7', 15, 0, '2017-11-01', '2017-11-12', 'Many', null)

insert into tblVoucher
values('O6HF6N2176', 27, 0, '2017-02-08', '2017-02-19', 'Once', null)

insert into tblVoucher
values('BKOM65PNI7', 26, 0, '2017-03-23', '2017-04-03', 'Many', null)

insert into tblVoucher
values('AF676E7HC9', 24, 0, '2017-12-01', '2017-12-12', 'Once', null)

insert into tblVoucher
values('P32OB76LOJ', 20, 0, '2017-04-25', '2017-05-06', 'Many', null)

insert into tblVoucher
values('IO92DDE4KO', 18, 0, '2017-03-11', '2017-03-22', 'Many', null)

insert into tblVoucher
values('5133PNC93D', 12, 0, '2018-02-04', '2018-02-15', 'Many', null)

insert into tblVoucher
values('0C4N6I4GG4', 26, 0, '2017-12-07', '2017-12-18', 'Once', null)

insert into tblVoucher
values('4P2E3564ON', 15, 0, '2018-02-18', '2018-03-01', 'Many', null)

insert into tblVoucher
values('9FG6I0I8J8', 29, 0, '2017-08-24', '2017-09-04', 'Many', null)

insert into tblVoucher
values('EOAM5K43PP', 23, 0, '2018-04-13', '2018-04-24', 'Many', null)

insert into tblVoucher
values('FIDEEC02HC', 21, 0, '2017-12-20', '2017-12-31', 'Many', null)

insert into tblVoucher
values('AG0850NNN8', 13, 0, '2018-02-22', '2018-03-05', 'Once', null)

insert into tblVoucher
values('GLEBBL5H92', 18, 0, '2017-02-05', '2017-02-16', 'Many', null)

insert into tblVoucher
values('E8GNJ5KEOK', 21, 0, '2017-03-13', '2017-03-24', 'Many', null)

insert into tblVoucher
values('4HH4JOM9K6', 12, 0, '2017-04-26', '2017-05-07', 'Once', null)

insert into tblVoucher
values('7J36PCD081', 16, 0, '2017-05-17', '2017-05-28', 'Once', null)

insert into tblVoucher
values('4BOD3MP16D', 25, 0, '2017-11-08', '2017-11-19', 'Many', null)

insert into tblVoucher
values('8B0O3COH4E', 26, 0, '2017-08-17', '2017-08-28', 'Many', null)

insert into tblVoucher
values('KNCFB13D4P', 23, 0, '2017-11-13', '2017-11-24', 'Once', null)

insert into tblVoucher
values('KJ795P044L', 24, 0, '2017-02-04', '2017-02-15', 'Many', null)

insert into tblVoucher
values('0CM12HPFF5', 27, 0, '2017-10-14', '2017-10-25', 'Many', null)

insert into tblVoucher
values('BMG9CF277D', 21, 0, '2017-07-27', '2017-08-07', 'Once', null)

insert into tblVoucher
values('0JBNE0N4E6', 25, 0, '2017-04-03', '2017-04-14', 'Once', null)

insert into tblVoucher
values('NLC07GA5P9', 21, 0, '2017-07-25', '2017-08-05', 'Many', null)

insert into tblVoucher
values('MMJPCD421A', 28, 0, '2017-12-06', '2017-12-17', 'Once', null)

insert into tblVoucher
values('5G0F3M35JI', 13, 0, '2017-03-14', '2017-03-25', 'Once', null)

insert into tblVoucher
values('NHE58NFOC2', 26, 0, '2017-12-13', '2017-12-24', 'Once', null)

insert into tblVoucher
values('8ICMLP9N45', 26, 0, '2018-03-23', '2018-04-03', 'Many', null)

insert into tblVoucher
values('OCP27IK9KP', 29, 0, '2017-12-24', '2018-01-04', 'Many', null)

insert into tblVoucher
values('6CJGFAG33A', 18, 0, '2017-07-20', '2017-07-31', 'Once', null)

insert into tblVoucher
values('9CP8NDG08H', 10, 0, '2017-09-23', '2017-10-04', 'Many', null)

insert into tblVoucher
values('7ABOOL7073', 20, 0, '2017-02-12', '2017-02-23', 'Once', null)

insert into tblVoucher
values('FP14CO8FJ3', 15, 0, '2018-02-01', '2018-02-12', 'Once', null)

insert into tblVoucher
values('L7L29MC18F', 29, 0, '2017-03-16', '2017-03-27', 'Many', null)

insert into tblVoucher
values('K6NF45K0KA', 15, 0, '2017-04-11', '2017-04-22', 'Many', null)

insert into tblVoucher
values('C30GPBG23L', 11, 0, '2017-03-12', '2017-03-23', 'Once', null)

insert into tblVoucher
values('68BFJ8PKJM', 17, 0, '2017-05-22', '2017-06-02', 'Once', null)

insert into tblVoucher
values('P2OJ2BD1N3', 15, 0, '2018-02-07', '2018-02-18', 'Many', null)

insert into tblVoucher
values('5LMC6CIHPM', 14, 0, '2017-09-16', '2017-09-27', 'Once', null)

insert into tblVoucher
values('CE0I2NO488', 11, 0, '2017-09-05', '2017-09-16', 'Once', null)

insert into tblVoucher
values('8C4OP4DP67', 25, 0, '2017-10-03', '2017-10-14', 'Many', null)

insert into tblVoucher
values('IA32JIAC29', 25, 0, '2017-06-27', '2017-07-08', 'Many', null)

insert into tblVoucher
values('M5P6H5I4PF', 14, 0, '2017-06-22', '2017-07-03', 'Many', null)

insert into tblVoucher
values('LCI3JHN4B8', 24, 0, '2017-08-13', '2017-08-24', 'Once', null)

insert into tblVoucher
values('6LCB99A824', 20, 0, '2018-02-14', '2018-02-25', 'Once', null)

insert into tblVoucher
values('AHGDNEDI21', 29, 0, '2017-07-06', '2017-07-17', 'Many', null)

insert into tblVoucher
values('K1PEM6JPHJ', 15, 0, '2018-02-11', '2018-02-22', 'Once', null)

insert into tblVoucher
values('O7NNM6KIEL', 15, 0, '2017-12-21', '2018-01-01', 'Once', null)

insert into tblVoucher
values('2C7I0J2H1C', 16, 0, '2017-07-26', '2017-08-06', 'Many', null)

insert into tblVoucher
values('2OKICD8BID', 27, 0, '2017-06-14', '2017-06-25', 'Many', null)

insert into tblVoucher
values('K81AAJ8LEC', 12, 0, '2017-03-18', '2017-03-29', 'Once', null)

insert into tblVoucher
values('F62M61BI3E', 22, 0, '2017-07-25', '2017-08-05', 'Once', null)

insert into tblVoucher
values('PP616KLP65', 29, 0, '2017-06-24', '2017-07-05', 'Many', null)

insert into tblVoucher
values('64BE4FAN13', 16, 0, '2017-11-24', '2017-12-05', 'Many', null)

insert into tblVoucher
values('O2G7PO8LO2', 25, 0, '2018-04-02', '2018-04-13', 'Once', null)

insert into tblVoucher
values('PP83ALDN4C', 15, 0, '2017-05-27', '2017-06-07', 'Once', null)

insert into tblVoucher
values('AN8G5OB64A', 12, 1, '2018-04-26', '2018-05-07', 'Many', null)

insert into tblVoucher
values('0KPDA67EOD', 15, 0, '2017-08-20', '2017-08-31', 'Many', null)

insert into tblVoucher
values('63B8EFHH4J', 29, 0, '2017-08-07', '2017-08-18', 'Many', null)

insert into tblVoucher
values('ONPMPM067I', 24, 0, '2017-02-22', '2017-03-05', 'Once', null)

insert into tblVoucher
values('699JINIIFK', 17, 0, '2017-04-10', '2017-04-21', 'Once', null)

insert into tblVoucher
values('MF1NH2AP70', 26, 0, '2017-08-17', '2017-08-28', 'Many', null)

insert into tblVoucher
values('24C7DGAENI', 24, 0, '2017-02-24', '2017-03-07', 'Many', null)

insert into tblVoucher
values('MGNM1PI0J3', 20, 0, '2017-08-23', '2017-09-03', 'Many', null)

insert into tblVoucher
values('AKJAF2P45B', 10, 0, '2017-07-08', '2017-07-19', 'Many', null)

insert into tblVoucher
values('OIMMHCAJJ6', 17, 0, '2018-02-15', '2018-02-26', 'Many', null)

insert into tblVoucher
values('P4BP5507ND', 21, 0, '2018-04-15', '2018-04-26', 'Once', null)

insert into tblVoucher
values('K2MKGGI7FE', 16, 0, '2017-05-07', '2017-05-18', 'Once', null)

insert into tblVoucher
values('1BPFMB7A8L', 25, 0, '2017-10-13', '2017-10-24', 'Once', null)

insert into tblVoucher
values('A7BI07C631', 26, 0, '2017-09-20', '2017-10-01', 'Once', null)

insert into tblVoucher
values('5L6G5F6GC3', 29, 0, '2017-05-13', '2017-05-24', 'Once', null)


--tbltblVoucherModificationHistory
insert into tblVoucherModificationHistory
values('N5L4MJHEA0', 'E033', '2017-02-25', N'Admin tạo mới voucher dùng Many từ ngày 2017-02-25 đến 2017-03-08')

insert into tblVoucherModificationHistory
values('3A2KKKM03M', 'E037', '2018-02-10', N'Admin tạo mới voucher dùng Once từ ngày 2018-02-10 đến 2018-02-21')

insert into tblVoucherModificationHistory
values('9H6842GP5G', 'E054', '2017-06-25', N'Admin tạo mới voucher dùng Once từ ngày 2017-06-25 đến 2017-07-06')

insert into tblVoucherModificationHistory
values('DO87C45DFO', 'E088', '2017-08-21', N'Admin tạo mới voucher dùng Once từ ngày 2017-08-21 đến 2017-09-01')

insert into tblVoucherModificationHistory
values('9PG3PIE2CB', 'E040', '2018-02-26', N'Admin tạo mới voucher dùng Many từ ngày 2018-02-26 đến 2018-03-09')

insert into tblVoucherModificationHistory
values('F4AM9J2D6M', 'E074', '2017-02-20', N'Admin tạo mới voucher dùng Once từ ngày 2017-02-20 đến 2017-03-03')

insert into tblVoucherModificationHistory
values('IM5N2P41JA', 'E038', '2018-04-27', N'Admin tạo mới voucher dùng Many từ ngày 2018-04-27 đến 2018-05-08')

insert into tblVoucherModificationHistory
values('I843799PLK', 'E031', '2017-02-12', N'Admin tạo mới voucher dùng Many từ ngày 2017-02-12 đến 2017-02-23')

insert into tblVoucherModificationHistory
values('J9M66C4GIH', 'E096', '2017-08-01', N'Admin tạo mới voucher dùng Once từ ngày 2017-08-01 đến 2017-08-12')

insert into tblVoucherModificationHistory
values('JMK8PC0P5A', 'E019', '2017-03-21', N'Admin tạo mới voucher dùng Many từ ngày 2017-03-21 đến 2017-04-01')

insert into tblVoucherModificationHistory
values('EMI9GKODHP', 'E039', '2017-09-26', N'Admin tạo mới voucher dùng Many từ ngày 2017-09-26 đến 2017-10-07')

insert into tblVoucherModificationHistory
values('0HB06DJKIN', 'E074', '2017-04-02', N'Admin tạo mới voucher dùng Once từ ngày 2017-04-02 đến 2017-04-13')

insert into tblVoucherModificationHistory
values('N63P49J08C', 'E051', '2017-04-03', N'Admin tạo mới voucher dùng Once từ ngày 2017-04-03 đến 2017-04-14')

insert into tblVoucherModificationHistory
values('NILIEBCDDI', 'E023', '2018-02-17', N'Admin tạo mới voucher dùng Many từ ngày 2018-02-17 đến 2018-02-28')

insert into tblVoucherModificationHistory
values('I42DH7N1PN', 'E048', '2017-09-17', N'Admin tạo mới voucher dùng Many từ ngày 2017-09-17 đến 2017-09-28')

insert into tblVoucherModificationHistory
values('CHE1OMA22C', 'E034', '2017-06-02', N'Admin tạo mới voucher dùng Many từ ngày 2017-06-02 đến 2017-06-13')

insert into tblVoucherModificationHistory
values('77F178LG1F', 'E003', '2018-02-08', N'Admin tạo mới voucher dùng Once từ ngày 2018-02-08 đến 2018-02-19')

insert into tblVoucherModificationHistory
values('9B3J0LG447', 'E015', '2017-11-23', N'Admin tạo mới voucher dùng Once từ ngày 2017-11-23 đến 2017-12-04')

insert into tblVoucherModificationHistory
values('EKO24I8GLP', 'E043', '2018-03-10', N'Admin tạo mới voucher dùng Once từ ngày 2018-03-10 đến 2018-03-21')

insert into tblVoucherModificationHistory
values('EPH20LD5J6', 'E011', '2017-11-25', N'Admin tạo mới voucher dùng Once từ ngày 2017-11-25 đến 2017-12-06')

insert into tblVoucherModificationHistory
values('BNEN8LA2FG', 'E013', '2017-11-24', N'Admin tạo mới voucher dùng Once từ ngày 2017-11-24 đến 2017-12-05')

insert into tblVoucherModificationHistory
values('KF376A9CI1', 'E022', '2017-10-12', N'Admin tạo mới voucher dùng Once từ ngày 2017-10-12 đến 2017-10-23')

insert into tblVoucherModificationHistory
values('BIOP32IEKO', 'E056', '2018-02-13', N'Admin tạo mới voucher dùng Many từ ngày 2018-02-13 đến 2018-02-24')

insert into tblVoucherModificationHistory
values('GK9G7I05JL', 'E041', '2017-02-06', N'Admin tạo mới voucher dùng Many từ ngày 2017-02-06 đến 2017-02-17')

insert into tblVoucherModificationHistory
values('C72FJ5M27J', 'E007', '2017-03-27', N'Admin tạo mới voucher dùng Many từ ngày 2017-03-27 đến 2017-04-07')

insert into tblVoucherModificationHistory
values('DCOP00KJ41', 'E036', '2017-11-13', N'Admin tạo mới voucher dùng Many từ ngày 2017-11-13 đến 2017-11-24')

insert into tblVoucherModificationHistory
values('B94CEP3J7C', 'E035', '2017-03-19', N'Admin tạo mới voucher dùng Many từ ngày 2017-03-19 đến 2017-03-30')

insert into tblVoucherModificationHistory
values('F3H8LLJ447', 'E100', '2018-02-17', N'Admin tạo mới voucher dùng Once từ ngày 2018-02-17 đến 2018-02-28')

insert into tblVoucherModificationHistory
values('1A3A10ALL7', 'E079', '2017-11-01', N'Admin tạo mới voucher dùng Many từ ngày 2017-11-01 đến 2017-11-12')

insert into tblVoucherModificationHistory
values('O6HF6N2176', 'E100', '2017-02-08', N'Admin tạo mới voucher dùng Once từ ngày 2017-02-08 đến 2017-02-19')

insert into tblVoucherModificationHistory
values('BKOM65PNI7', 'E048', '2017-03-23', N'Admin tạo mới voucher dùng Many từ ngày 2017-03-23 đến 2017-04-03')

insert into tblVoucherModificationHistory
values('AF676E7HC9', 'E040', '2017-12-01', N'Admin tạo mới voucher dùng Once từ ngày 2017-12-01 đến 2017-12-12')

insert into tblVoucherModificationHistory
values('P32OB76LOJ', 'E016', '2017-04-25', N'Admin tạo mới voucher dùng Many từ ngày 2017-04-25 đến 2017-05-06')

insert into tblVoucherModificationHistory
values('IO92DDE4KO', 'E031', '2017-03-11', N'Admin tạo mới voucher dùng Many từ ngày 2017-03-11 đến 2017-03-22')

insert into tblVoucherModificationHistory
values('5133PNC93D', 'E031', '2018-02-04', N'Admin tạo mới voucher dùng Many từ ngày 2018-02-04 đến 2018-02-15')

insert into tblVoucherModificationHistory
values('0C4N6I4GG4', 'E071', '2017-12-07', N'Admin tạo mới voucher dùng Once từ ngày 2017-12-07 đến 2017-12-18')

insert into tblVoucherModificationHistory
values('4P2E3564ON', 'E030', '2018-02-18', N'Admin tạo mới voucher dùng Many từ ngày 2018-02-18 đến 2018-03-01')

insert into tblVoucherModificationHistory
values('9FG6I0I8J8', 'E093', '2017-08-24', N'Admin tạo mới voucher dùng Many từ ngày 2017-08-24 đến 2017-09-04')

insert into tblVoucherModificationHistory
values('EOAM5K43PP', 'E045', '2018-04-13', N'Admin tạo mới voucher dùng Many từ ngày 2018-04-13 đến 2018-04-24')

insert into tblVoucherModificationHistory
values('FIDEEC02HC', 'E053', '2017-12-20', N'Admin tạo mới voucher dùng Many từ ngày 2017-12-20 đến 2017-12-31')

insert into tblVoucherModificationHistory
values('AG0850NNN8', 'E006', '2018-02-22', N'Admin tạo mới voucher dùng Once từ ngày 2018-02-22 đến 2018-03-05')

insert into tblVoucherModificationHistory
values('GLEBBL5H92', 'E019', '2017-02-05', N'Admin tạo mới voucher dùng Many từ ngày 2017-02-05 đến 2017-02-16')

insert into tblVoucherModificationHistory
values('E8GNJ5KEOK', 'E066', '2017-03-13', N'Admin tạo mới voucher dùng Many từ ngày 2017-03-13 đến 2017-03-24')

insert into tblVoucherModificationHistory
values('4HH4JOM9K6', 'E074', '2017-04-26', N'Admin tạo mới voucher dùng Once từ ngày 2017-04-26 đến 2017-05-07')

insert into tblVoucherModificationHistory
values('7J36PCD081', 'E048', '2017-05-17', N'Admin tạo mới voucher dùng Once từ ngày 2017-05-17 đến 2017-05-28')

insert into tblVoucherModificationHistory
values('4BOD3MP16D', 'E064', '2017-11-08', N'Admin tạo mới voucher dùng Many từ ngày 2017-11-08 đến 2017-11-19')

insert into tblVoucherModificationHistory
values('8B0O3COH4E', 'E065', '2017-08-17', N'Admin tạo mới voucher dùng Many từ ngày 2017-08-17 đến 2017-08-28')

insert into tblVoucherModificationHistory
values('KNCFB13D4P', 'E054', '2017-11-13', N'Admin tạo mới voucher dùng Once từ ngày 2017-11-13 đến 2017-11-24')

insert into tblVoucherModificationHistory
values('KJ795P044L', 'E098', '2017-02-04', N'Admin tạo mới voucher dùng Many từ ngày 2017-02-04 đến 2017-02-15')

insert into tblVoucherModificationHistory
values('0CM12HPFF5', 'E010', '2017-10-14', N'Admin tạo mới voucher dùng Many từ ngày 2017-10-14 đến 2017-10-25')

insert into tblVoucherModificationHistory
values('BMG9CF277D', 'E003', '2017-07-27', N'Admin tạo mới voucher dùng Once từ ngày 2017-07-27 đến 2017-08-07')

insert into tblVoucherModificationHistory
values('0JBNE0N4E6', 'E067', '2017-04-03', N'Admin tạo mới voucher dùng Once từ ngày 2017-04-03 đến 2017-04-14')

insert into tblVoucherModificationHistory
values('NLC07GA5P9', 'E042', '2017-07-25', N'Admin tạo mới voucher dùng Many từ ngày 2017-07-25 đến 2017-08-05')

insert into tblVoucherModificationHistory
values('MMJPCD421A', 'E096', '2017-12-06', N'Admin tạo mới voucher dùng Once từ ngày 2017-12-06 đến 2017-12-17')

insert into tblVoucherModificationHistory
values('5G0F3M35JI', 'E031', '2017-03-14', N'Admin tạo mới voucher dùng Once từ ngày 2017-03-14 đến 2017-03-25')

insert into tblVoucherModificationHistory
values('NHE58NFOC2', 'E085', '2017-12-13', N'Admin tạo mới voucher dùng Once từ ngày 2017-12-13 đến 2017-12-24')

insert into tblVoucherModificationHistory
values('8ICMLP9N45', 'E007', '2018-03-23', N'Admin tạo mới voucher dùng Many từ ngày 2018-03-23 đến 2018-04-03')

insert into tblVoucherModificationHistory
values('OCP27IK9KP', 'E069', '2017-12-24', N'Admin tạo mới voucher dùng Many từ ngày 2017-12-24 đến 2018-01-04')

insert into tblVoucherModificationHistory
values('6CJGFAG33A', 'E019', '2017-07-20', N'Admin tạo mới voucher dùng Once từ ngày 2017-07-20 đến 2017-07-31')

insert into tblVoucherModificationHistory
values('9CP8NDG08H', 'E034', '2017-09-23', N'Admin tạo mới voucher dùng Many từ ngày 2017-09-23 đến 2017-10-04')

insert into tblVoucherModificationHistory
values('7ABOOL7073', 'E081', '2017-02-12', N'Admin tạo mới voucher dùng Once từ ngày 2017-02-12 đến 2017-02-23')

insert into tblVoucherModificationHistory
values('FP14CO8FJ3', 'E036', '2018-02-01', N'Admin tạo mới voucher dùng Once từ ngày 2018-02-01 đến 2018-02-12')

insert into tblVoucherModificationHistory
values('L7L29MC18F', 'E044', '2017-03-16', N'Admin tạo mới voucher dùng Many từ ngày 2017-03-16 đến 2017-03-27')

insert into tblVoucherModificationHistory
values('K6NF45K0KA', 'E061', '2017-04-11', N'Admin tạo mới voucher dùng Many từ ngày 2017-04-11 đến 2017-04-22')

insert into tblVoucherModificationHistory
values('C30GPBG23L', 'E051', '2017-03-12', N'Admin tạo mới voucher dùng Once từ ngày 2017-03-12 đến 2017-03-23')

insert into tblVoucherModificationHistory
values('68BFJ8PKJM', 'E059', '2017-05-22', N'Admin tạo mới voucher dùng Once từ ngày 2017-05-22 đến 2017-06-02')

insert into tblVoucherModificationHistory
values('P2OJ2BD1N3', 'E035', '2018-02-07', N'Admin tạo mới voucher dùng Many từ ngày 2018-02-07 đến 2018-02-18')

insert into tblVoucherModificationHistory
values('5LMC6CIHPM', 'E064', '2017-09-16', N'Admin tạo mới voucher dùng Once từ ngày 2017-09-16 đến 2017-09-27')

insert into tblVoucherModificationHistory
values('CE0I2NO488', 'E047', '2017-09-05', N'Admin tạo mới voucher dùng Once từ ngày 2017-09-05 đến 2017-09-16')

insert into tblVoucherModificationHistory
values('8C4OP4DP67', 'E035', '2017-10-03', N'Admin tạo mới voucher dùng Many từ ngày 2017-10-03 đến 2017-10-14')

insert into tblVoucherModificationHistory
values('IA32JIAC29', 'E037', '2017-06-27', N'Admin tạo mới voucher dùng Many từ ngày 2017-06-27 đến 2017-07-08')

insert into tblVoucherModificationHistory
values('M5P6H5I4PF', 'E099', '2017-06-22', N'Admin tạo mới voucher dùng Many từ ngày 2017-06-22 đến 2017-07-03')

insert into tblVoucherModificationHistory
values('LCI3JHN4B8', 'E025', '2017-08-13', N'Admin tạo mới voucher dùng Once từ ngày 2017-08-13 đến 2017-08-24')

insert into tblVoucherModificationHistory
values('6LCB99A824', 'E026', '2018-02-14', N'Admin tạo mới voucher dùng Once từ ngày 2018-02-14 đến 2018-02-25')

insert into tblVoucherModificationHistory
values('AHGDNEDI21', 'E017', '2017-07-06', N'Admin tạo mới voucher dùng Many từ ngày 2017-07-06 đến 2017-07-17')

insert into tblVoucherModificationHistory
values('K1PEM6JPHJ', 'E030', '2018-02-11', N'Admin tạo mới voucher dùng Once từ ngày 2018-02-11 đến 2018-02-22')

insert into tblVoucherModificationHistory
values('O7NNM6KIEL', 'E056', '2017-12-21', N'Admin tạo mới voucher dùng Once từ ngày 2017-12-21 đến 2018-01-01')

insert into tblVoucherModificationHistory
values('2C7I0J2H1C', 'E056', '2017-07-26', N'Admin tạo mới voucher dùng Many từ ngày 2017-07-26 đến 2017-08-06')

insert into tblVoucherModificationHistory
values('2OKICD8BID', 'E009', '2017-06-14', N'Admin tạo mới voucher dùng Many từ ngày 2017-06-14 đến 2017-06-25')

insert into tblVoucherModificationHistory
values('K81AAJ8LEC', 'E062', '2017-03-18', N'Admin tạo mới voucher dùng Once từ ngày 2017-03-18 đến 2017-03-29')

insert into tblVoucherModificationHistory
values('F62M61BI3E', 'E034', '2017-07-25', N'Admin tạo mới voucher dùng Once từ ngày 2017-07-25 đến 2017-08-05')

insert into tblVoucherModificationHistory
values('PP616KLP65', 'E044', '2017-06-24', N'Admin tạo mới voucher dùng Many từ ngày 2017-06-24 đến 2017-07-05')

insert into tblVoucherModificationHistory
values('64BE4FAN13', 'E043', '2017-11-24', N'Admin tạo mới voucher dùng Many từ ngày 2017-11-24 đến 2017-12-05')

insert into tblVoucherModificationHistory
values('O2G7PO8LO2', 'E023', '2018-04-02', N'Admin tạo mới voucher dùng Once từ ngày 2018-04-02 đến 2018-04-13')

insert into tblVoucherModificationHistory
values('PP83ALDN4C', 'E075', '2017-05-27', N'Admin tạo mới voucher dùng Once từ ngày 2017-05-27 đến 2017-06-07')

insert into tblVoucherModificationHistory
values('AN8G5OB64A', 'E019', '2018-04-26', N'Admin tạo mới voucher dùng Many từ ngày 2018-04-26 đến 2018-05-07')

insert into tblVoucherModificationHistory
values('0KPDA67EOD', 'E025', '2017-08-20', N'Admin tạo mới voucher dùng Many từ ngày 2017-08-20 đến 2017-08-31')

insert into tblVoucherModificationHistory
values('63B8EFHH4J', 'E082', '2017-08-07', N'Admin tạo mới voucher dùng Many từ ngày 2017-08-07 đến 2017-08-18')

insert into tblVoucherModificationHistory
values('ONPMPM067I', 'E026', '2017-02-22', N'Admin tạo mới voucher dùng Once từ ngày 2017-02-22 đến 2017-03-05')

insert into tblVoucherModificationHistory
values('699JINIIFK', 'E051', '2017-04-10', N'Admin tạo mới voucher dùng Once từ ngày 2017-04-10 đến 2017-04-21')

insert into tblVoucherModificationHistory
values('MF1NH2AP70', 'E029', '2017-08-17', N'Admin tạo mới voucher dùng Many từ ngày 2017-08-17 đến 2017-08-28')

insert into tblVoucherModificationHistory
values('24C7DGAENI', 'E065', '2017-02-24', N'Admin tạo mới voucher dùng Many từ ngày 2017-02-24 đến 2017-03-07')

insert into tblVoucherModificationHistory
values('MGNM1PI0J3', 'E008', '2017-08-23', N'Admin tạo mới voucher dùng Many từ ngày 2017-08-23 đến 2017-09-03')

insert into tblVoucherModificationHistory
values('AKJAF2P45B', 'E002', '2017-07-08', N'Admin tạo mới voucher dùng Many từ ngày 2017-07-08 đến 2017-07-19')

insert into tblVoucherModificationHistory
values('OIMMHCAJJ6', 'E051', '2018-02-15', N'Admin tạo mới voucher dùng Many từ ngày 2018-02-15 đến 2018-02-26')

insert into tblVoucherModificationHistory
values('P4BP5507ND', 'E050', '2018-04-15', N'Admin tạo mới voucher dùng Once từ ngày 2018-04-15 đến 2018-04-26')

insert into tblVoucherModificationHistory
values('K2MKGGI7FE', 'E078', '2017-05-07', N'Admin tạo mới voucher dùng Once từ ngày 2017-05-07 đến 2017-05-18')

insert into tblVoucherModificationHistory
values('1BPFMB7A8L', 'E001', '2017-10-13', N'Admin tạo mới voucher dùng Once từ ngày 2017-10-13 đến 2017-10-24')

insert into tblVoucherModificationHistory
values('A7BI07C631', 'E057', '2017-09-20', N'Admin tạo mới voucher dùng Once từ ngày 2017-09-20 đến 2017-10-01')

insert into tblVoucherModificationHistory
values('5L6G5F6GC3', 'E029', '2017-05-13', N'Admin tạo mới voucher dùng Once từ ngày 2017-05-13 đến 2017-05-24')


--tblOrder
insert into tblOrder
Values('OR089', '2018-01-13', 276.500000, 590, 0, null, 'C010')

insert into tblOrder
Values('OR088', '2018-02-17', 842.300000, 290, 0, null, 'C006')

insert into tblOrder
Values('OR087', '2018-02-25', 511.700000, 820, 0, null, 'C035')

insert into tblOrder
Values('OR086', '2018-01-30', 399.300000, 1060, 0, null, 'C047')

insert into tblOrder
Values('OR085', '2017-11-27', 211.500000, 410, 0, null, 'C020')

insert into tblOrder
Values('OR084', '2018-04-07', 346.600000, 390, 0, null, 'C045')

insert into tblOrder
Values('OR083', '2018-04-28', 702.700000, 1390, 0, null, 'C027')

insert into tblOrder
Values('OR082', '2018-04-24', 733.500000, 880, 0, null, 'C004')

insert into tblOrder
Values('OR081', '2018-03-06', 296.400000, 620, 0, null, 'C024')

insert into tblOrder
Values('OR080', '2018-04-28', 678.800000, 750, 0, null, 'C016')

insert into tblOrder
Values('OR079', '2018-02-11', 628.200000, 870, 0, null, 'C022')

insert into tblOrder
Values('OR078', '2018-04-24', 107.100000, 280, 0, null, 'C040')

insert into tblOrder
Values('OR199', '2018-04-27', 853.700000, 960, 0, null, 'C062')

insert into tblOrder
Values('OR077', '2018-03-11', 356.900000, 550, 0, null, 'C054')

insert into tblOrder
Values('OR198', '2018-03-24', 738.100000, 1050, 0, null, 'C017')

insert into tblOrder
Values('OR076', '2018-04-28', 630.600000, 980, 0, null, 'C054')

insert into tblOrder
Values('OR197', '2018-04-26', 511.500000, 910, 0, null, 'C052')

insert into tblOrder
Values('OR075', '2018-04-28', 228.000000, 0, 0, null, 'C048')

insert into tblOrder
Values('OR196', '2018-01-07', 252.200000, 420, 0, null, 'C058')

insert into tblOrder
Values('OR074', '2018-04-28', 401.700000, 530, 0, null, 'C061')

insert into tblOrder
Values('OR195', '2018-04-28', 809.300000, 1530, 0, null, 'C008')

insert into tblOrder
Values('OR073', '2017-12-15', 511.200000, 600, 0, null, 'C032')

insert into tblOrder
Values('OR194', '2018-03-26', 198.600000, 320, 0, null, 'C010')

insert into tblOrder
Values('OR072', '2018-04-28', 842.200000, 790, 0, null, 'C002')

insert into tblOrder
Values('OR193', '2018-03-24', 300.900000, 800, 0, null, 'C008')

insert into tblOrder
Values('OR071', '2018-04-15', 1101.200000, 1240, 0, null, 'C003')

insert into tblOrder
Values('OR192', '2018-01-18', 709.500000, 610, 0, null, 'C052')

insert into tblOrder
Values('OR070', '2018-04-13', 239.700000, 220, 0, null, 'C050')

insert into tblOrder
Values('OR191', '2018-03-27', 546.700000, 440, 0, null, 'C003')

insert into tblOrder
Values('OR190', '2018-04-15', 456.200000, 370, 0, null, 'C014')

insert into tblOrder
Values('OR069', '2018-02-21', 352.000000, 0, 0, null, 'C032')

insert into tblOrder
Values('OR068', '2018-04-27', 222.000000, 240, 0, null, 'C012')

insert into tblOrder
Values('OR189', '2018-04-22', 295.600000, 590, 0, null, 'C003')

insert into tblOrder
Values('OR067', '2018-03-25', 279.600000, 390, 0, null, 'C058')

insert into tblOrder
Values('OR188', '2018-04-08', 66.600000, 80, 0, null, 'C013')

insert into tblOrder
Values('OR066', '2018-04-15', 462.300000, 790, 0, null, 'C019')

insert into tblOrder
Values('OR187', '2018-04-12', 147.200000, 200, 0, null, 'C007')

insert into tblOrder
Values('OR065', '2017-10-04', 611.100000, 740, 0, null, 'C021')

insert into tblOrder
Values('OR186', '2018-03-27', 485.300000, 960, 0, null, 'C054')

insert into tblOrder
Values('OR064', '2018-04-18', 150.800000, 290, 0, null, 'C015')

insert into tblOrder
Values('OR185', '2018-04-25', 1016.300000, 210, 0, null, 'C002')

insert into tblOrder
Values('OR063', '2018-01-26', 94.800000, 240, 0, null, 'C025')

insert into tblOrder
Values('OR184', '2018-04-28', 743.100000, 730, 0, null, 'C043')

insert into tblOrder
Values('OR062', '2017-09-14', 390.200000, 310, 0, null, 'C062')

insert into tblOrder
Values('OR183', '2018-02-20', 843.800000, 1360, 0, null, 'C044')

insert into tblOrder
Values('OR061', '2018-04-25', 352.200000, 410, 0, null, 'C023')

insert into tblOrder
Values('OR182', '2018-03-28', 15.600000, 0, 0, null, 'C029')

insert into tblOrder
Values('OR060', '2017-12-27', 522.800000, 690, 0, null, 'C001')

insert into tblOrder
Values('OR181', '2018-04-28', 694.000000, 1060, 0, null, 'C057')

insert into tblOrder
Values('OR180', '2018-04-28', 540.600000, 320, 0, null, 'C032')

insert into tblOrder
Values('OR059', '2018-03-30', 264.200000, 110, 0, null, 'C024')

insert into tblOrder
Values('OR058', '2018-03-10', 127.400000, 70, 0, null, 'C013')

insert into tblOrder
Values('OR179', '2018-01-12', 277.200000, 280, 0, null, 'C032')

insert into tblOrder
Values('OR057', '2017-11-27', 390.900000, 600, 0, null, 'C008')

insert into tblOrder
Values('OR178', '2018-04-27', 386.100000, 580, 0, null, 'C061')

insert into tblOrder
Values('OR056', '2018-04-21', 279.700000, 450, 0, null, 'C047')

insert into tblOrder
Values('OR177', '2017-10-03', 240.000000, 40, 0, null, 'C040')

insert into tblOrder
Values('OR055', '2018-04-27', 219.300000, 530, 0, null, 'C002')

insert into tblOrder
Values('OR176', '2018-04-20', 558.700000, 1050, 0, null, 'C060')

insert into tblOrder
Values('OR054', '2018-04-12', 218.200000, 100, 0, null, 'C026')

insert into tblOrder
Values('OR175', '2017-11-24', 123.300000, 330, 0, null, 'C037')

insert into tblOrder
Values('OR053', '2017-10-09', 298.800000, 660, 0, null, 'C026')

insert into tblOrder
Values('OR174', '2018-02-14', 486.600000, 350, 0, null, 'C022')

insert into tblOrder
Values('OR052', '2018-04-22', 497.000000, 290, 0, null, 'C026')

insert into tblOrder
Values('OR173', '2018-02-13', 92.900000, 520, 0, null, 'C022')

insert into tblOrder
Values('OR051', '2018-04-19', 0.000000, 20, 0, null, 'C022')

insert into tblOrder
Values('OR172', '2018-03-16', 37.600000, 10, 0, null, 'C012')

insert into tblOrder
Values('OR050', '2017-05-22', 68.800000, 60, 0, null, 'C057')

insert into tblOrder
Values('OR171', '2018-04-27', 670.200000, 720, 0, null, 'C042')

insert into tblOrder
Values('OR170', '2018-01-07', 189.000000, 210, 0, null, 'C003')

insert into tblOrder
Values('OR200', '2017-12-23', 78.000000, 200, 0, null, 'C024')

insert into tblOrder
Values('OR099', '2018-03-18', 234.000000, 60, 0, null, 'C058')

insert into tblOrder
Values('OR098', '2018-02-06', 408.400000, 440, 0, null, 'C046')

insert into tblOrder
Values('OR097', '2018-03-04', 708.500000, 750, 0, null, 'C007')

insert into tblOrder
Values('OR096', '2018-01-28', 241.200000, 270, 0, null, 'C034')

insert into tblOrder
Values('OR095', '2017-08-16', 0.000000, 10, 0, null, 'C042')

insert into tblOrder
Values('OR094', '2017-12-14', 394.000000, 260, 0, null, 'C049')

insert into tblOrder
Values('OR093', '2018-04-20', 584.700000, 1050, 0, null, 'C013')

insert into tblOrder
Values('OR092', '2018-04-08', 321.300000, 660, 0, null, 'C048')

insert into tblOrder
Values('OR091', '2018-04-15', 441.000000, 680, 0, null, 'C012')

insert into tblOrder
Values('OR090', '2018-02-15', 437.800000, 760, 0, null, 'C049')

insert into tblOrder
Values('OR009', '2017-09-20', 311.000000, 340, 0, null, 'C020')

insert into tblOrder
Values('OR008', '2018-04-15', 1438.700000, 1640, 0, null, 'C028')

insert into tblOrder
Values('OR129', '2018-04-25', 711.900000, 1130, 0, null, 'C015')

insert into tblOrder
Values('OR007', '2018-04-26', 584.700000, 1140, 0, null, 'C046')

insert into tblOrder
Values('OR128', '2018-04-25', 433.800000, 460, 0, null, 'C050')

insert into tblOrder
Values('OR006', '2017-06-26', 290.400000, 140, 0, null, 'C061')

insert into tblOrder
Values('OR127', '2018-02-01', 761.900000, 1270, 0, null, 'C058')

insert into tblOrder
Values('OR005', '2018-04-09', 1104.700000, 920, 0, null, 'C003')

insert into tblOrder
Values('OR126', '2018-04-23', 827.800000, 1200, 0, null, 'C041')

insert into tblOrder
Values('OR004', '2018-04-01', 722.200000, 1240, 0, null, 'C049')

insert into tblOrder
Values('OR125', '2017-12-26', 653.300000, 1130, 0, null, 'C063')

insert into tblOrder
Values('OR003', '2018-04-24', 544.000000, 860, 0, null, 'C046')

insert into tblOrder
Values('OR124', '2018-04-02', 850.000000, 710, 0, null, 'C040')

insert into tblOrder
Values('OR002', '2018-04-19', 391.400000, 630, 0, null, 'C038')

insert into tblOrder
Values('OR123', '2018-04-21', 574.700000, 990, 0, null, 'C002')

insert into tblOrder
Values('OR001', '2017-11-16', 138.000000, 320, 0, null, 'C018')

insert into tblOrder
Values('OR122', '2017-11-15', 172.000000, 400, 0, null, 'C052')

insert into tblOrder
Values('OR121', '2018-04-23', 161.400000, 480, 0, null, 'C026')

insert into tblOrder
Values('OR120', '2018-02-15', 653.600000, 740, 0, null, 'C010')

insert into tblOrder
Values('OR119', '2017-12-31', 145.600000, 0, 0, null, 'C028')

insert into tblOrder
Values('OR118', '2017-12-08', 739.600000, 840, 0, null, 'C044')

insert into tblOrder
Values('OR117', '2018-04-26', 1378.800000, 1030, 0, null, 'C031')

insert into tblOrder
Values('OR116', '2018-03-14', 567.400000, 520, 0, null, 'C040')

insert into tblOrder
Values('OR115', '2018-02-25', 24.000000, 120, 0, null, 'C003')

insert into tblOrder
Values('OR114', '2018-04-23', 563.200000, 570, 0, null, 'C036')

insert into tblOrder
Values('OR113', '2018-04-07', 299.600000, 210, 0, null, 'C029')

insert into tblOrder
Values('OR112', '2018-01-04', 288.400000, 160, 0, null, 'C009')

insert into tblOrder
Values('OR111', '2018-04-19', 551.400000, 600, 0, null, 'C028')

insert into tblOrder
Values('OR110', '2017-12-03', 129.600000, 0, 0, null, 'C051')

insert into tblOrder
Values('OR109', '2017-11-18', 160.800000, 120, 0, null, 'C010')

insert into tblOrder
Values('OR108', '2018-04-27', 955.100000, 880, 0, null, 'C054')

insert into tblOrder
Values('OR107', '2018-04-26', 328.800000, 630, 0, null, 'C035')

insert into tblOrder
Values('OR106', '2017-11-08', 421.200000, 420, 0, null, 'C034')

insert into tblOrder
Values('OR105', '2018-03-10', 118.000000, 0, 0, null, 'C031')

insert into tblOrder
Values('OR104', '2018-03-14', 274.200000, 60, 0, null, 'C054')

insert into tblOrder
Values('OR103', '2018-04-24', 345.200000, 660, 0, null, 'C034')

insert into tblOrder
Values('OR102', '2018-04-17', 730.200000, 830, 0, null, 'C025')

insert into tblOrder
Values('OR101', '2018-04-26', 174.200000, 370, 0, null, 'C013')

insert into tblOrder
Values('OR100', '2018-04-27', 209.100000, 360, 0, null, 'C052')

insert into tblOrder
Values('OR049', '2018-04-21', 716.700000, 860, 0, null, 'C041')

insert into tblOrder
Values('OR048', '2018-04-12', 450.800000, 910, 0, null, 'C008')

insert into tblOrder
Values('OR169', '2018-01-09', 983.300000, 1380, 0, null, 'C041')

insert into tblOrder
Values('OR047', '2018-03-30', 400.800000, 540, 0, null, 'C007')

insert into tblOrder
Values('OR168', '2018-04-20', 399.300000, 850, 0, null, 'C053')

insert into tblOrder
Values('OR046', '2018-03-07', 616.700000, 1180, 0, null, 'C035')

insert into tblOrder
Values('OR167', '2018-04-28', 572.000000, 890, 0, null, 'C007')

insert into tblOrder
Values('OR045', '2018-04-21', 1088.000000, 1560, 0, null, 'C012')

insert into tblOrder
Values('OR166', '2018-03-23', 627.200000, 710, 0, null, 'C044')

insert into tblOrder
Values('OR044', '2018-03-09', 787.600000, 800, 0, null, 'C009')

insert into tblOrder
Values('OR165', '2018-04-06', 370.500000, 310, 0, null, 'C029')

insert into tblOrder
Values('OR043', '2018-04-20', 850.500000, 1340, 0, null, 'C022')

insert into tblOrder
Values('OR164', '2018-02-08', 375.400000, 540, 0, null, 'C047')

insert into tblOrder
Values('OR042', '2018-02-06', 689.300000, 640, 0, null, 'C062')

insert into tblOrder
Values('OR163', '2017-02-21', 0.000000, 0, 0, null, 'C010')

insert into tblOrder
Values('OR041', '2018-04-19', 244.700000, 830, 0, null, 'C011')

insert into tblOrder
Values('OR162', '2018-04-11', 447.000000, 500, 0, null, 'C046')

insert into tblOrder
Values('OR040', '2018-04-09', 1132.500000, 1250, 0, null, 'C035')

insert into tblOrder
Values('OR161', '2018-01-31', 289.700000, 520, 0, null, 'C039')

insert into tblOrder
Values('OR160', '2018-03-03', 652.200000, 690, 0, null, 'C060')

insert into tblOrder
Values('OR039', '2018-04-27', 908.100000, 1420, 0, null, 'C018')

insert into tblOrder
Values('OR038', '2018-04-24', 481.800000, 670, 0, null, 'C052')

insert into tblOrder
Values('OR159', '2018-04-08', 589.200000, 710, 0, null, 'C043')

insert into tblOrder
Values('OR037', '2017-09-28', 54.000000, 200, 0, null, 'C060')

insert into tblOrder
Values('OR158', '2018-04-25', 214.700000, 360, 0, null, 'C023')

insert into tblOrder
Values('OR036', '2017-12-20', 27.600000, 20, 0, null, 'C046')

insert into tblOrder
Values('OR157', '2018-01-25', 558.400000, 580, 0, null, 'C015')

insert into tblOrder
Values('OR035', '2018-03-27', 465.200000, 970, 0, null, 'C036')

insert into tblOrder
Values('OR156', '2018-03-28', 121.800000, 260, 0, null, 'C057')

insert into tblOrder
Values('OR034', '2018-03-04', 103.200000, 240, 0, null, 'C041')

insert into tblOrder
Values('OR155', '2018-03-01', 357.200000, 220, 0, null, 'C045')

insert into tblOrder
Values('OR033', '2018-02-03', 380.800000, 360, 0, null, 'C046')

insert into tblOrder
Values('OR154', '2018-04-12', 246.800000, 680, 0, null, 'C038')

insert into tblOrder
Values('OR032', '2018-04-24', 938.600000, 1150, 0, null, 'C030')

insert into tblOrder
Values('OR153', '2018-04-01', 845.000000, 1550, 0, null, 'C019')

insert into tblOrder
Values('OR031', '2017-11-30', 855.600000, 1590, 0, null, 'C033')

insert into tblOrder
Values('OR152', '2018-04-24', 378.200000, 410, 0, null, 'C031')

insert into tblOrder
Values('OR030', '2018-01-17', 196.000000, 320, 0, null, 'C007')

insert into tblOrder
Values('OR151', '2018-04-27', 651.000000, 620, 0, null, 'C025')

insert into tblOrder
Values('OR150', '2018-04-28', 191.800000, 160, 0, null, 'C006')

insert into tblOrder
Values('OR029', '2017-11-09', 67.800000, 120, 0, null, 'C007')

insert into tblOrder
Values('OR028', '2018-04-22', 280.400000, 440, 0, null, 'C056')

insert into tblOrder
Values('OR149', '2018-04-19', 229.500000, 50, 0, null, 'C006')

insert into tblOrder
Values('OR027', '2018-01-15', 324.000000, 750, 0, null, 'C017')

insert into tblOrder
Values('OR148', '2018-02-26', 242.600000, 840, 0, null, 'C040')

insert into tblOrder
Values('OR026', '2018-04-09', 839.500000, 1340, 0, null, 'C033')

insert into tblOrder
Values('OR147', '2017-03-14', 0.000000, 0, 0, null, 'C046')

insert into tblOrder
Values('OR025', '2017-12-18', 92.800000, 80, 0, null, 'C011')

insert into tblOrder
Values('OR146', '2018-04-27', 678.200000, 1240, 0, null, 'C006')

insert into tblOrder
Values('OR024', '2018-03-03', 223.600000, 290, 0, null, 'C037')

insert into tblOrder
Values('OR145', '2018-03-29', 856.800000, 1780, 0, null, 'C055')

insert into tblOrder
Values('OR023', '2018-04-15', 399.600000, 200, 0, null, 'C029')

insert into tblOrder
Values('OR144', '2018-03-25', 666.800000, 1270, 0, null, 'C056')

insert into tblOrder
Values('OR022', '2018-04-09', 700.500000, 800, 0, null, 'C047')

insert into tblOrder
Values('OR143', '2018-04-03', 555.700000, 330, 0, null, 'C039')

insert into tblOrder
Values('OR021', '2018-03-21', 905.800000, 990, 0, null, 'C006')

insert into tblOrder
Values('OR142', '2018-04-20', 138.800000, 330, 0, null, 'C023')

insert into tblOrder
Values('OR020', '2018-04-18', 248.800000, 480, 0, null, 'C002')

insert into tblOrder
Values('OR141', '2018-04-26', 228.200000, 780, 0, null, 'C061')

insert into tblOrder
Values('OR140', '2018-02-01', 409.600000, 910, 0, null, 'C020')

insert into tblOrder
Values('OR019', '2018-04-22', 902.200000, 2020, 0, null, 'C039')

insert into tblOrder
Values('OR018', '2018-04-21', 761.000000, 1240, 0, null, 'C052')

insert into tblOrder
Values('OR139', '2018-04-23', 671.100000, 1700, 0, null, 'C015')

insert into tblOrder
Values('OR017', '2018-04-27', 482.700000, 840, 0, null, 'C022')

insert into tblOrder
Values('OR138', '2018-04-28', 64.300000, 90, 0, null, 'C024')

insert into tblOrder
Values('OR016', '2018-03-31', 993.700000, 980, 0, null, 'C009')

insert into tblOrder
Values('OR137', '2018-04-25', 749.600000, 660, 0, null, 'C050')

insert into tblOrder
Values('OR015', '2017-11-22', 78.400000, 260, 0, null, 'C029')

insert into tblOrder
Values('OR136', '2018-03-04', 592.500000, 560, 0, null, 'C012')

insert into tblOrder
Values('OR014', '2018-03-23', 413.300000, 840, 0, null, 'C044')

insert into tblOrder
Values('OR135', '2018-04-26', 569.300000, 940, 0, null, 'C035')

insert into tblOrder
Values('OR013', '2018-04-21', 47.700000, 290, 0, null, 'C018')

insert into tblOrder
Values('OR134', '2018-03-14', 210.300000, 270, 0, null, 'C063')

insert into tblOrder
Values('OR012', '2018-04-06', 358.100000, 410, 0, null, 'C001')

insert into tblOrder
Values('OR133', '2018-04-28', 964.300000, 1360, 0, null, 'C053')

insert into tblOrder
Values('OR011', '2018-04-12', 396.000000, 300, 0, null, 'C042')

insert into tblOrder
Values('OR132', '2017-11-03', 160.200000, 460, 0, null, 'C058')

insert into tblOrder
Values('OR010', '2018-04-17', 128.000000, 80, 0, null, 'C022')

insert into tblOrder
Values('OR131', '2018-04-23', 231.900000, 620, 0, null, 'C010')

insert into tblOrder
Values('OR130', '2018-01-27', 0.000000, 60, 0, null, 'C047')


--tblOrderProductDetails
insert into tblOrderProductDetails
values('OR089', 'P046', 2 )

insert into tblOrderProductDetails
values('OR089', 'P052', 1 )

insert into tblOrderProductDetails
values('OR089', 'P049', 4 )

insert into tblOrderProductDetails
values('OR089', 'P092', 1 )

insert into tblOrderProductDetails
values('OR089', 'P028', 6 )

insert into tblOrderProductDetails
values('OR089', 'P020', 2 )

insert into tblOrderProductDetails
values('OR089', 'P069', 10 )

insert into tblOrderProductDetails
values('OR089', 'P057', 4 )

insert into tblOrderProductDetails
values('OR089', 'P091', 2 )

insert into tblOrderProductDetails
values('OR088', 'P094', 9 )

insert into tblOrderProductDetails
values('OR088', 'P017', 5 )

insert into tblOrderProductDetails
values('OR088', 'P093', 3 )

insert into tblOrderProductDetails
values('OR088', 'P097', 10 )

insert into tblOrderProductDetails
values('OR088', 'P083', 2 )

insert into tblOrderProductDetails
values('OR088', 'P028', 9 )

insert into tblOrderProductDetails
values('OR088', 'P072', 4 )

insert into tblOrderProductDetails
values('OR088', 'P004', 7 )

insert into tblOrderProductDetails
values('OR087', 'P034', 2 )

insert into tblOrderProductDetails
values('OR087', 'P022', 1 )

insert into tblOrderProductDetails
values('OR087', 'P085', 8 )

insert into tblOrderProductDetails
values('OR087', 'P024', 6 )

insert into tblOrderProductDetails
values('OR087', 'P096', 1 )

insert into tblOrderProductDetails
values('OR087', 'P032', 8 )

insert into tblOrderProductDetails
values('OR087', 'P061', 7 )

insert into tblOrderProductDetails
values('OR087', 'P057', 4 )

insert into tblOrderProductDetails
values('OR086', 'P049', 4 )

insert into tblOrderProductDetails
values('OR086', 'P066', 7 )

insert into tblOrderProductDetails
values('OR086', 'P047', 1 )

insert into tblOrderProductDetails
values('OR086', 'P023', 3 )

insert into tblOrderProductDetails
values('OR086', 'P093', 6 )

insert into tblOrderProductDetails
values('OR086', 'P012', 10 )

insert into tblOrderProductDetails
values('OR086', 'P030', 2 )

insert into tblOrderProductDetails
values('OR086', 'P092', 8 )

insert into tblOrderProductDetails
values('OR085', 'P065', 3 )

insert into tblOrderProductDetails
values('OR085', 'P076', 8 )

insert into tblOrderProductDetails
values('OR084', 'P058', 8 )

insert into tblOrderProductDetails
values('OR084', 'P046', 4 )

insert into tblOrderProductDetails
values('OR084', 'P026', 6 )

insert into tblOrderProductDetails
values('OR084', 'P073', 9 )

insert into tblOrderProductDetails
values('OR083', 'P052', 7 )

insert into tblOrderProductDetails
values('OR083', 'P057', 5 )

insert into tblOrderProductDetails
values('OR083', 'P076', 7 )

insert into tblOrderProductDetails
values('OR083', 'P023', 6 )

insert into tblOrderProductDetails
values('OR083', 'P011', 8 )

insert into tblOrderProductDetails
values('OR083', 'P055', 6 )

insert into tblOrderProductDetails
values('OR083', 'P025', 6 )

insert into tblOrderProductDetails
values('OR082', 'P054', 3 )

insert into tblOrderProductDetails
values('OR082', 'P077', 3 )

insert into tblOrderProductDetails
values('OR082', 'P064', 10 )

insert into tblOrderProductDetails
values('OR082', 'P047', 1 )

insert into tblOrderProductDetails
values('OR082', 'P012', 8 )

insert into tblOrderProductDetails
values('OR082', 'P044', 5 )

insert into tblOrderProductDetails
values('OR082', 'P019', 6 )

insert into tblOrderProductDetails
values('OR082', 'P044', 9 )

insert into tblOrderProductDetails
values('OR081', 'P089', 5 )

insert into tblOrderProductDetails
values('OR081', 'P091', 4 )

insert into tblOrderProductDetails
values('OR081', 'P045', 10 )

insert into tblOrderProductDetails
values('OR081', 'P073', 2 )

insert into tblOrderProductDetails
values('OR081', 'P088', 4 )

insert into tblOrderProductDetails
values('OR080', 'P012', 3 )

insert into tblOrderProductDetails
values('OR080', 'P098', 4 )

insert into tblOrderProductDetails
values('OR080', 'P033', 4 )

insert into tblOrderProductDetails
values('OR080', 'P056', 6 )

insert into tblOrderProductDetails
values('OR080', 'P029', 9 )

insert into tblOrderProductDetails
values('OR080', 'P011', 1 )

insert into tblOrderProductDetails
values('OR080', 'P057', 2 )

insert into tblOrderProductDetails
values('OR080', 'P007', 3 )

insert into tblOrderProductDetails
values('OR080', 'P053', 4 )

insert into tblOrderProductDetails
values('OR079', 'P011', 3 )

insert into tblOrderProductDetails
values('OR079', 'P032', 10 )

insert into tblOrderProductDetails
values('OR079', 'P079', 10 )

insert into tblOrderProductDetails
values('OR079', 'P031', 3 )

insert into tblOrderProductDetails
values('OR079', 'P020', 3 )

insert into tblOrderProductDetails
values('OR079', 'P026', 5 )

insert into tblOrderProductDetails
values('OR078', 'P076', 7 )

insert into tblOrderProductDetails
values('OR199', 'P073', 2 )

insert into tblOrderProductDetails
values('OR199', 'P053', 7 )

insert into tblOrderProductDetails
values('OR199', 'P005', 2 )

insert into tblOrderProductDetails
values('OR199', 'P056', 10 )

insert into tblOrderProductDetails
values('OR199', 'P025', 4 )

insert into tblOrderProductDetails
values('OR199', 'P088', 1 )

insert into tblOrderProductDetails
values('OR199', 'P086', 8 )

insert into tblOrderProductDetails
values('OR199', 'P075', 5 )

insert into tblOrderProductDetails
values('OR077', 'P015', 4 )

insert into tblOrderProductDetails
values('OR077', 'P081', 9 )

insert into tblOrderProductDetails
values('OR077', 'P003', 7 )

insert into tblOrderProductDetails
values('OR198', 'P032', 3 )

insert into tblOrderProductDetails
values('OR198', 'P009', 4 )

insert into tblOrderProductDetails
values('OR198', 'P062', 10 )

insert into tblOrderProductDetails
values('OR198', 'P090', 8 )

insert into tblOrderProductDetails
values('OR198', 'P047', 1 )

insert into tblOrderProductDetails
values('OR198', 'P097', 4 )

insert into tblOrderProductDetails
values('OR198', 'P010', 8 )

insert into tblOrderProductDetails
values('OR198', 'P077', 9 )

insert into tblOrderProductDetails
values('OR076', 'P058', 10 )

insert into tblOrderProductDetails
values('OR076', 'P005', 8 )

insert into tblOrderProductDetails
values('OR076', 'P069', 1 )

insert into tblOrderProductDetails
values('OR076', 'P061', 9 )

insert into tblOrderProductDetails
values('OR076', 'P030', 6 )

insert into tblOrderProductDetails
values('OR076', 'P070', 3 )

insert into tblOrderProductDetails
values('OR076', 'P031', 6 )

insert into tblOrderProductDetails
values('OR076', 'P086', 5 )

insert into tblOrderProductDetails
values('OR076', 'P074', 6 )

insert into tblOrderProductDetails
values('OR076', 'P052', 4 )

insert into tblOrderProductDetails
values('OR197', 'P023', 10 )

insert into tblOrderProductDetails
values('OR197', 'P052', 4 )

insert into tblOrderProductDetails
values('OR197', 'P019', 8 )

insert into tblOrderProductDetails
values('OR197', 'P095', 8 )

insert into tblOrderProductDetails
values('OR197', 'P062', 6 )

insert into tblOrderProductDetails
values('OR197', 'P052', 1 )

insert into tblOrderProductDetails
values('OR075', 'P059', 9 )

insert into tblOrderProductDetails
values('OR075', 'P080', 10 )

insert into tblOrderProductDetails
values('OR196', 'P038', 3 )

insert into tblOrderProductDetails
values('OR196', 'P084', 1 )

insert into tblOrderProductDetails
values('OR196', 'P040', 1 )

insert into tblOrderProductDetails
values('OR196', 'P073', 6 )

insert into tblOrderProductDetails
values('OR196', 'P006', 5 )

insert into tblOrderProductDetails
values('OR074', 'P094', 9 )

insert into tblOrderProductDetails
values('OR074', 'P077', 9 )

insert into tblOrderProductDetails
values('OR074', 'P047', 10 )

insert into tblOrderProductDetails
values('OR074', 'P041', 4 )

insert into tblOrderProductDetails
values('OR074', 'P084', 3 )

insert into tblOrderProductDetails
values('OR195', 'P069', 4 )

insert into tblOrderProductDetails
values('OR195', 'P089', 9 )

insert into tblOrderProductDetails
values('OR195', 'P073', 8 )

insert into tblOrderProductDetails
values('OR195', 'P001', 1 )

insert into tblOrderProductDetails
values('OR195', 'P065', 7 )

insert into tblOrderProductDetails
values('OR195', 'P075', 8 )

insert into tblOrderProductDetails
values('OR195', 'P051', 10 )

insert into tblOrderProductDetails
values('OR073', 'P091', 10 )

insert into tblOrderProductDetails
values('OR073', 'P096', 3 )

insert into tblOrderProductDetails
values('OR073', 'P079', 9 )

insert into tblOrderProductDetails
values('OR194', 'P067', 2 )

insert into tblOrderProductDetails
values('OR194', 'P071', 2 )

insert into tblOrderProductDetails
values('OR194', 'P058', 8 )

insert into tblOrderProductDetails
values('OR194', 'P095', 9 )

insert into tblOrderProductDetails
values('OR194', 'P085', 4 )

insert into tblOrderProductDetails
values('OR072', 'P094', 1 )

insert into tblOrderProductDetails
values('OR072', 'P006', 9 )

insert into tblOrderProductDetails
values('OR072', 'P041', 10 )

insert into tblOrderProductDetails
values('OR072', 'P003', 3 )

insert into tblOrderProductDetails
values('OR072', 'P051', 1 )

insert into tblOrderProductDetails
values('OR072', 'P043', 4 )

insert into tblOrderProductDetails
values('OR072', 'P085', 5 )

insert into tblOrderProductDetails
values('OR072', 'P053', 10 )

insert into tblOrderProductDetails
values('OR193', 'P009', 8 )

insert into tblOrderProductDetails
values('OR193', 'P059', 4 )

insert into tblOrderProductDetails
values('OR193', 'P074', 9 )

insert into tblOrderProductDetails
values('OR193', 'P009', 2 )

insert into tblOrderProductDetails
values('OR193', 'P089', 1 )

insert into tblOrderProductDetails
values('OR193', 'P092', 10 )

insert into tblOrderProductDetails
values('OR071', 'P083', 3 )

insert into tblOrderProductDetails
values('OR071', 'P005', 2 )

insert into tblOrderProductDetails
values('OR071', 'P079', 4 )

insert into tblOrderProductDetails
values('OR071', 'P035', 3 )

insert into tblOrderProductDetails
values('OR071', 'P088', 6 )

insert into tblOrderProductDetails
values('OR071', 'P037', 10 )

insert into tblOrderProductDetails
values('OR071', 'P014', 8 )

insert into tblOrderProductDetails
values('OR071', 'P027', 9 )

insert into tblOrderProductDetails
values('OR071', 'P063', 1 )

insert into tblOrderProductDetails
values('OR071', 'P069', 10 )

insert into tblOrderProductDetails
values('OR192', 'P071', 3 )

insert into tblOrderProductDetails
values('OR192', 'P048', 4 )

insert into tblOrderProductDetails
values('OR192', 'P004', 10 )

insert into tblOrderProductDetails
values('OR192', 'P084', 6 )

insert into tblOrderProductDetails
values('OR192', 'P092', 4 )

insert into tblOrderProductDetails
values('OR192', 'P073', 1 )

insert into tblOrderProductDetails
values('OR192', 'P014', 1 )

insert into tblOrderProductDetails
values('OR192', 'P083', 7 )

insert into tblOrderProductDetails
values('OR192', 'P058', 3 )

insert into tblOrderProductDetails
values('OR070', 'P020', 2 )

insert into tblOrderProductDetails
values('OR070', 'P091', 1 )

insert into tblOrderProductDetails
values('OR070', 'P063', 1 )

insert into tblOrderProductDetails
values('OR070', 'P040', 8 )

insert into tblOrderProductDetails
values('OR191', 'P014', 1 )

insert into tblOrderProductDetails
values('OR191', 'P050', 5 )

insert into tblOrderProductDetails
values('OR191', 'P090', 5 )

insert into tblOrderProductDetails
values('OR191', 'P061', 1 )

insert into tblOrderProductDetails
values('OR191', 'P077', 3 )

insert into tblOrderProductDetails
values('OR191', 'P040', 7 )

insert into tblOrderProductDetails
values('OR190', 'P040', 4 )

insert into tblOrderProductDetails
values('OR190', 'P082', 8 )

insert into tblOrderProductDetails
values('OR190', 'P059', 3 )

insert into tblOrderProductDetails
values('OR190', 'P021', 1 )

insert into tblOrderProductDetails
values('OR190', 'P014', 3 )

insert into tblOrderProductDetails
values('OR190', 'P039', 5 )

insert into tblOrderProductDetails
values('OR069', 'P030', 10 )

insert into tblOrderProductDetails
values('OR069', 'P004', 10 )

insert into tblOrderProductDetails
values('OR068', 'P009', 1 )

insert into tblOrderProductDetails
values('OR068', 'P047', 4 )

insert into tblOrderProductDetails
values('OR068', 'P077', 2 )

insert into tblOrderProductDetails
values('OR068', 'P040', 8 )

insert into tblOrderProductDetails
values('OR068', 'P009', 7 )

insert into tblOrderProductDetails
values('OR189', 'P073', 3 )

insert into tblOrderProductDetails
values('OR189', 'P028', 5 )

insert into tblOrderProductDetails
values('OR189', 'P003', 8 )

insert into tblOrderProductDetails
values('OR189', 'P065', 4 )

insert into tblOrderProductDetails
values('OR189', 'P051', 2 )

insert into tblOrderProductDetails
values('OR067', 'P083', 6 )

insert into tblOrderProductDetails
values('OR067', 'P063', 2 )

insert into tblOrderProductDetails
values('OR067', 'P040', 6 )

insert into tblOrderProductDetails
values('OR067', 'P067', 9 )

insert into tblOrderProductDetails
values('OR188', 'P023', 1 )

insert into tblOrderProductDetails
values('OR188', 'P077', 2 )

insert into tblOrderProductDetails
values('OR188', 'P088', 6 )

insert into tblOrderProductDetails
values('OR066', 'P089', 6 )

insert into tblOrderProductDetails
values('OR066', 'P036', 3 )

insert into tblOrderProductDetails
values('OR066', 'P057', 9 )

insert into tblOrderProductDetails
values('OR066', 'P052', 9 )

insert into tblOrderProductDetails
values('OR066', 'P031', 4 )

insert into tblOrderProductDetails
values('OR187', 'P078', 5 )

insert into tblOrderProductDetails
values('OR187', 'P016', 9 )

insert into tblOrderProductDetails
values('OR187', 'P086', 6 )

insert into tblOrderProductDetails
values('OR065', 'P086', 6 )

insert into tblOrderProductDetails
values('OR065', 'P072', 3 )

insert into tblOrderProductDetails
values('OR065', 'P075', 2 )

insert into tblOrderProductDetails
values('OR065', 'P082', 10 )

insert into tblOrderProductDetails
values('OR065', 'P061', 6 )

insert into tblOrderProductDetails
values('OR065', 'P022', 8 )

insert into tblOrderProductDetails
values('OR186', 'P010', 5 )

insert into tblOrderProductDetails
values('OR186', 'P008', 8 )

insert into tblOrderProductDetails
values('OR186', 'P095', 2 )

insert into tblOrderProductDetails
values('OR186', 'P041', 5 )

insert into tblOrderProductDetails
values('OR186', 'P089', 10 )

insert into tblOrderProductDetails
values('OR186', 'P046', 1 )

insert into tblOrderProductDetails
values('OR186', 'P039', 8 )

insert into tblOrderProductDetails
values('OR064', 'P027', 3 )

insert into tblOrderProductDetails
values('OR064', 'P062', 2 )

insert into tblOrderProductDetails
values('OR064', 'P035', 3 )

insert into tblOrderProductDetails
values('OR064', 'P058', 7 )

insert into tblOrderProductDetails
values('OR185', 'P094', 10 )

insert into tblOrderProductDetails
values('OR185', 'P028', 2 )

insert into tblOrderProductDetails
values('OR185', 'P077', 5 )

insert into tblOrderProductDetails
values('OR185', 'P077', 2 )

insert into tblOrderProductDetails
values('OR185', 'P004', 8 )

insert into tblOrderProductDetails
values('OR185', 'P025', 1 )

insert into tblOrderProductDetails
values('OR185', 'P053', 9 )

insert into tblOrderProductDetails
values('OR185', 'P095', 4 )

insert into tblOrderProductDetails
values('OR185', 'P017', 10 )

insert into tblOrderProductDetails
values('OR063', 'P005', 3 )

insert into tblOrderProductDetails
values('OR063', 'P018', 3 )

insert into tblOrderProductDetails
values('OR063', 'P093', 3 )

insert into tblOrderProductDetails
values('OR184', 'P069', 3 )

insert into tblOrderProductDetails
values('OR184', 'P040', 9 )

insert into tblOrderProductDetails
values('OR184', 'P069', 3 )

insert into tblOrderProductDetails
values('OR184', 'P092', 5 )

insert into tblOrderProductDetails
values('OR184', 'P043', 1 )

insert into tblOrderProductDetails
values('OR184', 'P048', 9 )

insert into tblOrderProductDetails
values('OR184', 'P051', 1 )

insert into tblOrderProductDetails
values('OR184', 'P065', 3 )

insert into tblOrderProductDetails
values('OR062', 'P039', 1 )

insert into tblOrderProductDetails
values('OR062', 'P091', 10 )

insert into tblOrderProductDetails
values('OR062', 'P086', 8 )

insert into tblOrderProductDetails
values('OR183', 'P011', 4 )

insert into tblOrderProductDetails
values('OR183', 'P030', 1 )

insert into tblOrderProductDetails
values('OR183', 'P003', 9 )

insert into tblOrderProductDetails
values('OR183', 'P009', 10 )

insert into tblOrderProductDetails
values('OR183', 'P017', 5 )

insert into tblOrderProductDetails
values('OR183', 'P075', 5 )

insert into tblOrderProductDetails
values('OR183', 'P061', 8 )

insert into tblOrderProductDetails
values('OR183', 'P058', 10 )

insert into tblOrderProductDetails
values('OR183', 'P092', 10 )

insert into tblOrderProductDetails
values('OR183', 'P086', 6 )

insert into tblOrderProductDetails
values('OR061', 'P029', 8 )

insert into tblOrderProductDetails
values('OR061', 'P077', 10 )

insert into tblOrderProductDetails
values('OR061', 'P005', 6 )

insert into tblOrderProductDetails
values('OR061', 'P084', 5 )

insert into tblOrderProductDetails
values('OR182', 'P077', 1 )

insert into tblOrderProductDetails
values('OR060', 'P096', 8 )

insert into tblOrderProductDetails
values('OR060', 'P050', 1 )

insert into tblOrderProductDetails
values('OR060', 'P011', 9 )

insert into tblOrderProductDetails
values('OR060', 'P044', 1 )

insert into tblOrderProductDetails
values('OR060', 'P082', 10 )

insert into tblOrderProductDetails
values('OR181', 'P073', 8 )

insert into tblOrderProductDetails
values('OR181', 'P095', 10 )

insert into tblOrderProductDetails
values('OR181', 'P042', 1 )

insert into tblOrderProductDetails
values('OR181', 'P084', 7 )

insert into tblOrderProductDetails
values('OR181', 'P048', 7 )

insert into tblOrderProductDetails
values('OR181', 'P069', 8 )

insert into tblOrderProductDetails
values('OR181', 'P064', 1 )

insert into tblOrderProductDetails
values('OR181', 'P051', 1 )

insert into tblOrderProductDetails
values('OR181', 'P014', 1 )

insert into tblOrderProductDetails
values('OR180', 'P036', 1 )

insert into tblOrderProductDetails
values('OR180', 'P005', 1 )

insert into tblOrderProductDetails
values('OR180', 'P083', 3 )

insert into tblOrderProductDetails
values('OR180', 'P086', 4 )

insert into tblOrderProductDetails
values('OR180', 'P097', 5 )

insert into tblOrderProductDetails
values('OR180', 'P019', 3 )

insert into tblOrderProductDetails
values('OR180', 'P056', 4 )

insert into tblOrderProductDetails
values('OR059', 'P015', 10 )

insert into tblOrderProductDetails
values('OR059', 'P022', 4 )

insert into tblOrderProductDetails
values('OR059', 'P073', 1 )

insert into tblOrderProductDetails
values('OR058', 'P049', 3 )

insert into tblOrderProductDetails
values('OR058', 'P015', 5 )

insert into tblOrderProductDetails
values('OR058', 'P088', 4 )

insert into tblOrderProductDetails
values('OR179', 'P060', 10 )

insert into tblOrderProductDetails
values('OR179', 'P050', 7 )

insert into tblOrderProductDetails
values('OR057', 'P065', 1 )

insert into tblOrderProductDetails
values('OR057', 'P096', 2 )

insert into tblOrderProductDetails
values('OR057', 'P098', 2 )

insert into tblOrderProductDetails
values('OR057', 'P040', 8 )

insert into tblOrderProductDetails
values('OR057', 'P039', 4 )

insert into tblOrderProductDetails
values('OR057', 'P084', 7 )

insert into tblOrderProductDetails
values('OR057', 'P043', 2 )

insert into tblOrderProductDetails
values('OR057', 'P046', 6 )

insert into tblOrderProductDetails
values('OR178', 'P042', 9 )

insert into tblOrderProductDetails
values('OR178', 'P036', 2 )

insert into tblOrderProductDetails
values('OR178', 'P075', 8 )

insert into tblOrderProductDetails
values('OR178', 'P047', 1 )

insert into tblOrderProductDetails
values('OR056', 'P072', 3 )

insert into tblOrderProductDetails
values('OR056', 'P051', 7 )

insert into tblOrderProductDetails
values('OR056', 'P042', 2 )

insert into tblOrderProductDetails
values('OR056', 'P041', 8 )

insert into tblOrderProductDetails
values('OR056', 'P030', 3 )

insert into tblOrderProductDetails
values('OR177', 'P068', 4 )

insert into tblOrderProductDetails
values('OR177', 'P085', 8 )

insert into tblOrderProductDetails
values('OR055', 'P075', 1 )

insert into tblOrderProductDetails
values('OR055', 'P034', 10 )

insert into tblOrderProductDetails
values('OR055', 'P025', 3 )

insert into tblOrderProductDetails
values('OR055', 'P027', 3 )

insert into tblOrderProductDetails
values('OR055', 'P035', 5 )

insert into tblOrderProductDetails
values('OR176', 'P013', 2 )

insert into tblOrderProductDetails
values('OR176', 'P036', 3 )

insert into tblOrderProductDetails
values('OR176', 'P075', 9 )

insert into tblOrderProductDetails
values('OR176', 'P032', 3 )

insert into tblOrderProductDetails
values('OR176', 'P083', 10 )

insert into tblOrderProductDetails
values('OR176', 'P052', 4 )

insert into tblOrderProductDetails
values('OR176', 'P078', 10 )

insert into tblOrderProductDetails
values('OR054', 'P048', 5 )

insert into tblOrderProductDetails
values('OR054', 'P060', 7 )

insert into tblOrderProductDetails
values('OR054', 'P085', 2 )

insert into tblOrderProductDetails
values('OR175', 'P046', 5 )

insert into tblOrderProductDetails
values('OR175', 'P082', 4 )

insert into tblOrderProductDetails
values('OR175', 'P023', 5 )

insert into tblOrderProductDetails
values('OR053', 'P049', 2 )

insert into tblOrderProductDetails
values('OR053', 'P075', 3 )

insert into tblOrderProductDetails
values('OR053', 'P011', 7 )

insert into tblOrderProductDetails
values('OR053', 'P003', 6 )

insert into tblOrderProductDetails
values('OR174', 'P084', 4 )

insert into tblOrderProductDetails
values('OR174', 'P064', 5 )

insert into tblOrderProductDetails
values('OR174', 'P014', 1 )

insert into tblOrderProductDetails
values('OR174', 'P068', 3 )

insert into tblOrderProductDetails
values('OR174', 'P053', 6 )

insert into tblOrderProductDetails
values('OR052', 'P016', 6 )

insert into tblOrderProductDetails
values('OR052', 'P061', 3 )

insert into tblOrderProductDetails
values('OR052', 'P081', 1 )

insert into tblOrderProductDetails
values('OR052', 'P029', 2 )

insert into tblOrderProductDetails
values('OR052', 'P040', 10 )

insert into tblOrderProductDetails
values('OR052', 'P009', 7 )

insert into tblOrderProductDetails
values('OR052', 'P059', 2 )

insert into tblOrderProductDetails
values('OR052', 'P097', 5 )

insert into tblOrderProductDetails
values('OR173', 'P010', 7 )

insert into tblOrderProductDetails
values('OR173', 'P049', 1 )

insert into tblOrderProductDetails
values('OR173', 'P084', 1 )

insert into tblOrderProductDetails
values('OR173', 'P012', 5 )

insert into tblOrderProductDetails
values('OR051', 'P093', 2 )

insert into tblOrderProductDetails
values('OR051', 'P016', 2 )

insert into tblOrderProductDetails
values('OR172', 'P097', 1 )

insert into tblOrderProductDetails
values('OR050', 'P033', 2 )

insert into tblOrderProductDetails
values('OR171', 'P058', 3 )

insert into tblOrderProductDetails
values('OR171', 'P062', 5 )

insert into tblOrderProductDetails
values('OR171', 'P029', 1 )

insert into tblOrderProductDetails
values('OR171', 'P013', 5 )

insert into tblOrderProductDetails
values('OR171', 'P088', 9 )

insert into tblOrderProductDetails
values('OR171', 'P070', 7 )

insert into tblOrderProductDetails
values('OR171', 'P086', 4 )

insert into tblOrderProductDetails
values('OR171', 'P051', 10 )

insert into tblOrderProductDetails
values('OR171', 'P004', 3 )

insert into tblOrderProductDetails
values('OR170', 'P044', 7 )

insert into tblOrderProductDetails
values('OR170', 'P008', 7 )

insert into tblOrderProductDetails
values('OR200', 'P012', 5 )

insert into tblOrderProductDetails
values('OR099', 'P040', 6 )

insert into tblOrderProductDetails
values('OR099', 'P021', 3 )

insert into tblOrderProductDetails
values('OR098', 'P083', 7 )

insert into tblOrderProductDetails
values('OR098', 'P069', 4 )

insert into tblOrderProductDetails
values('OR098', 'P072', 5 )

insert into tblOrderProductDetails
values('OR098', 'P043', 8 )

insert into tblOrderProductDetails
values('OR097', 'P080', 9 )

insert into tblOrderProductDetails
values('OR097', 'P089', 5 )

insert into tblOrderProductDetails
values('OR097', 'P079', 3 )

insert into tblOrderProductDetails
values('OR097', 'P057', 7 )

insert into tblOrderProductDetails
values('OR097', 'P014', 8 )

insert into tblOrderProductDetails
values('OR096', 'P018', 2 )

insert into tblOrderProductDetails
values('OR096', 'P053', 3 )

insert into tblOrderProductDetails
values('OR096', 'P030', 1 )

insert into tblOrderProductDetails
values('OR096', 'P069', 8 )

insert into tblOrderProductDetails
values('OR095', 'P034', 1 )

insert into tblOrderProductDetails
values('OR094', 'P001', 8 )

insert into tblOrderProductDetails
values('OR094', 'P043', 5 )

insert into tblOrderProductDetails
values('OR093', 'P068', 4 )

insert into tblOrderProductDetails
values('OR093', 'P007', 5 )

insert into tblOrderProductDetails
values('OR093', 'P039', 7 )

insert into tblOrderProductDetails
values('OR093', 'P076', 9 )

insert into tblOrderProductDetails
values('OR093', 'P012', 9 )

insert into tblOrderProductDetails
values('OR093', 'P019', 3 )

insert into tblOrderProductDetails
values('OR093', 'P007', 3 )

insert into tblOrderProductDetails
values('OR092', 'P014', 4 )

insert into tblOrderProductDetails
values('OR092', 'P093', 6 )

insert into tblOrderProductDetails
values('OR092', 'P024', 6 )

insert into tblOrderProductDetails
values('OR092', 'P092', 2 )

insert into tblOrderProductDetails
values('OR092', 'P072', 3 )

insert into tblOrderProductDetails
values('OR091', 'P014', 9 )

insert into tblOrderProductDetails
values('OR091', 'P036', 2 )

insert into tblOrderProductDetails
values('OR091', 'P059', 7 )

insert into tblOrderProductDetails
values('OR091', 'P022', 4 )

insert into tblOrderProductDetails
values('OR091', 'P066', 10 )

insert into tblOrderProductDetails
values('OR091', 'P098', 8 )

insert into tblOrderProductDetails
values('OR090', 'P045', 7 )

insert into tblOrderProductDetails
values('OR090', 'P013', 2 )

insert into tblOrderProductDetails
values('OR090', 'P046', 10 )

insert into tblOrderProductDetails
values('OR090', 'P085', 1 )

insert into tblOrderProductDetails
values('OR090', 'P079', 3 )

insert into tblOrderProductDetails
values('OR090', 'P096', 1 )

insert into tblOrderProductDetails
values('OR090', 'P022', 10 )

insert into tblOrderProductDetails
values('OR009', 'P071', 5 )

insert into tblOrderProductDetails
values('OR009', 'P001', 7 )

insert into tblOrderProductDetails
values('OR008', 'P002', 8 )

insert into tblOrderProductDetails
values('OR008', 'P001', 8 )

insert into tblOrderProductDetails
values('OR008', 'P057', 7 )

insert into tblOrderProductDetails
values('OR008', 'P022', 8 )

insert into tblOrderProductDetails
values('OR008', 'P033', 10 )

insert into tblOrderProductDetails
values('OR008', 'P052', 7 )

insert into tblOrderProductDetails
values('OR008', 'P034', 5 )

insert into tblOrderProductDetails
values('OR008', 'P053', 9 )

insert into tblOrderProductDetails
values('OR008', 'P088', 9 )

insert into tblOrderProductDetails
values('OR008', 'P052', 4 )

insert into tblOrderProductDetails
values('OR129', 'P082', 2 )

insert into tblOrderProductDetails
values('OR129', 'P078', 10 )

insert into tblOrderProductDetails
values('OR129', 'P025', 4 )

insert into tblOrderProductDetails
values('OR129', 'P052', 9 )

insert into tblOrderProductDetails
values('OR129', 'P065', 8 )

insert into tblOrderProductDetails
values('OR129', 'P042', 1 )

insert into tblOrderProductDetails
values('OR129', 'P059', 2 )

insert into tblOrderProductDetails
values('OR129', 'P086', 3 )

insert into tblOrderProductDetails
values('OR007', 'P054', 7 )

insert into tblOrderProductDetails
values('OR007', 'P092', 8 )

insert into tblOrderProductDetails
values('OR007', 'P067', 5 )

insert into tblOrderProductDetails
values('OR007', 'P049', 7 )

insert into tblOrderProductDetails
values('OR007', 'P006', 6 )

insert into tblOrderProductDetails
values('OR007', 'P084', 6 )

insert into tblOrderProductDetails
values('OR007', 'P019', 2 )

insert into tblOrderProductDetails
values('OR007', 'P009', 8 )

insert into tblOrderProductDetails
values('OR128', 'P064', 10 )

insert into tblOrderProductDetails
values('OR128', 'P027', 2 )

insert into tblOrderProductDetails
values('OR128', 'P086', 1 )

insert into tblOrderProductDetails
values('OR128', 'P084', 6 )

insert into tblOrderProductDetails
values('OR006', 'P013', 8 )

insert into tblOrderProductDetails
values('OR006', 'P091', 2 )

insert into tblOrderProductDetails
values('OR127', 'P088', 7 )

insert into tblOrderProductDetails
values('OR127', 'P091', 6 )

insert into tblOrderProductDetails
values('OR127', 'P012', 4 )

insert into tblOrderProductDetails
values('OR127', 'P098', 3 )

insert into tblOrderProductDetails
values('OR127', 'P056', 6 )

insert into tblOrderProductDetails
values('OR127', 'P080', 5 )

insert into tblOrderProductDetails
values('OR127', 'P078', 8 )

insert into tblOrderProductDetails
values('OR127', 'P024', 7 )

insert into tblOrderProductDetails
values('OR127', 'P055', 1 )

insert into tblOrderProductDetails
values('OR005', 'P054', 10 )

insert into tblOrderProductDetails
values('OR005', 'P061', 8 )

insert into tblOrderProductDetails
values('OR005', 'P017', 6 )

insert into tblOrderProductDetails
values('OR005', 'P085', 4 )

insert into tblOrderProductDetails
values('OR005', 'P008', 7 )

insert into tblOrderProductDetails
values('OR005', 'P048', 5 )

insert into tblOrderProductDetails
values('OR005', 'P063', 7 )

insert into tblOrderProductDetails
values('OR005', 'P039', 3 )

insert into tblOrderProductDetails
values('OR126', 'P074', 10 )

insert into tblOrderProductDetails
values('OR126', 'P014', 10 )

insert into tblOrderProductDetails
values('OR126', 'P027', 9 )

insert into tblOrderProductDetails
values('OR126', 'P083', 10 )

insert into tblOrderProductDetails
values('OR126', 'P040', 4 )

insert into tblOrderProductDetails
values('OR004', 'P081', 2 )

insert into tblOrderProductDetails
values('OR004', 'P011', 9 )

insert into tblOrderProductDetails
values('OR004', 'P059', 5 )

insert into tblOrderProductDetails
values('OR004', 'P066', 5 )

insert into tblOrderProductDetails
values('OR004', 'P082', 6 )

insert into tblOrderProductDetails
values('OR004', 'P018', 7 )

insert into tblOrderProductDetails
values('OR004', 'P076', 8 )

insert into tblOrderProductDetails
values('OR125', 'P065', 6 )

insert into tblOrderProductDetails
values('OR125', 'P083', 1 )

insert into tblOrderProductDetails
values('OR125', 'P005', 5 )

insert into tblOrderProductDetails
values('OR125', 'P081', 9 )

insert into tblOrderProductDetails
values('OR125', 'P023', 7 )

insert into tblOrderProductDetails
values('OR125', 'P081', 2 )

insert into tblOrderProductDetails
values('OR125', 'P075', 3 )

insert into tblOrderProductDetails
values('OR125', 'P088', 1 )

insert into tblOrderProductDetails
values('OR125', 'P092', 5 )

insert into tblOrderProductDetails
values('OR003', 'P051', 9 )

insert into tblOrderProductDetails
values('OR003', 'P016', 2 )

insert into tblOrderProductDetails
values('OR003', 'P066', 4 )

insert into tblOrderProductDetails
values('OR003', 'P079', 5 )

insert into tblOrderProductDetails
values('OR003', 'P020', 9 )

insert into tblOrderProductDetails
values('OR003', 'P038', 10 )

insert into tblOrderProductDetails
values('OR003', 'P080', 5 )

insert into tblOrderProductDetails
values('OR124', 'P033', 1 )

insert into tblOrderProductDetails
values('OR124', 'P066', 3 )

insert into tblOrderProductDetails
values('OR124', 'P050', 9 )

insert into tblOrderProductDetails
values('OR124', 'P005', 2 )

insert into tblOrderProductDetails
values('OR124', 'P090', 10 )

insert into tblOrderProductDetails
values('OR124', 'P080', 10 )

insert into tblOrderProductDetails
values('OR002', 'P030', 3 )

insert into tblOrderProductDetails
values('OR002', 'P027', 1 )

insert into tblOrderProductDetails
values('OR002', 'P055', 6 )

insert into tblOrderProductDetails
values('OR002', 'P005', 1 )

insert into tblOrderProductDetails
values('OR002', 'P067', 8 )

insert into tblOrderProductDetails
values('OR002', 'P022', 2 )

insert into tblOrderProductDetails
values('OR002', 'P043', 8 )

insert into tblOrderProductDetails
values('OR002', 'P028', 1 )

insert into tblOrderProductDetails
values('OR123', 'P056', 9 )

insert into tblOrderProductDetails
values('OR123', 'P083', 2 )

insert into tblOrderProductDetails
values('OR123', 'P046', 10 )

insert into tblOrderProductDetails
values('OR123', 'P046', 7 )

insert into tblOrderProductDetails
values('OR123', 'P042', 6 )

insert into tblOrderProductDetails
values('OR001', 'P038', 3 )

insert into tblOrderProductDetails
values('OR001', 'P076', 8 )

insert into tblOrderProductDetails
values('OR122', 'P006', 10 )

insert into tblOrderProductDetails
values('OR121', 'P027', 5 )

insert into tblOrderProductDetails
values('OR121', 'P020', 7 )

insert into tblOrderProductDetails
values('OR120', 'P003', 4 )

insert into tblOrderProductDetails
values('OR120', 'P030', 7 )

insert into tblOrderProductDetails
values('OR120', 'P045', 1 )

insert into tblOrderProductDetails
values('OR120', 'P070', 1 )

insert into tblOrderProductDetails
values('OR120', 'P093', 2 )

insert into tblOrderProductDetails
values('OR120', 'P044', 9 )

insert into tblOrderProductDetails
values('OR120', 'P075', 3 )

insert into tblOrderProductDetails
values('OR120', 'P094', 7 )

insert into tblOrderProductDetails
values('OR120', 'P040', 5 )

insert into tblOrderProductDetails
values('OR120', 'P065', 9 )

insert into tblOrderProductDetails
values('OR119', 'P021', 4 )

insert into tblOrderProductDetails
values('OR118', 'P031', 8 )

insert into tblOrderProductDetails
values('OR118', 'P078', 9 )

insert into tblOrderProductDetails
values('OR118', 'P076', 9 )

insert into tblOrderProductDetails
values('OR118', 'P097', 4 )

insert into tblOrderProductDetails
values('OR118', 'P004', 3 )

insert into tblOrderProductDetails
values('OR118', 'P026', 7 )

insert into tblOrderProductDetails
values('OR117', 'P019', 8 )

insert into tblOrderProductDetails
values('OR117', 'P040', 7 )

insert into tblOrderProductDetails
values('OR117', 'P033', 7 )

insert into tblOrderProductDetails
values('OR117', 'P064', 9 )

insert into tblOrderProductDetails
values('OR117', 'P034', 2 )

insert into tblOrderProductDetails
values('OR117', 'P085', 6 )

insert into tblOrderProductDetails
values('OR117', 'P069', 9 )

insert into tblOrderProductDetails
values('OR117', 'P033', 7 )

insert into tblOrderProductDetails
values('OR116', 'P008', 3 )

insert into tblOrderProductDetails
values('OR116', 'P053', 3 )

insert into tblOrderProductDetails
values('OR116', 'P013', 6 )

insert into tblOrderProductDetails
values('OR116', 'P074', 7 )

insert into tblOrderProductDetails
values('OR116', 'P037', 6 )

insert into tblOrderProductDetails
values('OR116', 'P088', 1 )

insert into tblOrderProductDetails
values('OR116', 'P078', 2 )

insert into tblOrderProductDetails
values('OR115', 'P032', 4 )

insert into tblOrderProductDetails
values('OR114', 'P038', 4 )

insert into tblOrderProductDetails
values('OR114', 'P008', 5 )

insert into tblOrderProductDetails
values('OR114', 'P026', 2 )

insert into tblOrderProductDetails
values('OR114', 'P083', 8 )

insert into tblOrderProductDetails
values('OR114', 'P081', 1 )

insert into tblOrderProductDetails
values('OR114', 'P025', 7 )

insert into tblOrderProductDetails
values('OR114', 'P089', 4 )

insert into tblOrderProductDetails
values('OR113', 'P017', 3 )

insert into tblOrderProductDetails
values('OR113', 'P016', 6 )

insert into tblOrderProductDetails
values('OR113', 'P033', 7 )

insert into tblOrderProductDetails
values('OR112', 'P081', 4 )

insert into tblOrderProductDetails
values('OR112', 'P086', 8 )

insert into tblOrderProductDetails
values('OR112', 'P064', 2 )

insert into tblOrderProductDetails
values('OR111', 'P046', 1 )

insert into tblOrderProductDetails
values('OR111', 'P001', 2 )

insert into tblOrderProductDetails
values('OR111', 'P093', 9 )

insert into tblOrderProductDetails
values('OR111', 'P059', 4 )

insert into tblOrderProductDetails
values('OR111', 'P047', 1 )

insert into tblOrderProductDetails
values('OR111', 'P030', 10 )

insert into tblOrderProductDetails
values('OR111', 'P060', 1 )

insert into tblOrderProductDetails
values('OR111', 'P017', 3 )

insert into tblOrderProductDetails
values('OR111', 'P077', 3 )

insert into tblOrderProductDetails
values('OR111', 'P092', 10 )

insert into tblOrderProductDetails
values('OR110', 'P086', 8 )

insert into tblOrderProductDetails
values('OR109', 'P048', 6 )

insert into tblOrderProductDetails
values('OR109', 'P098', 8 )

insert into tblOrderProductDetails
values('OR108', 'P079', 3 )

insert into tblOrderProductDetails
values('OR108', 'P028', 7 )

insert into tblOrderProductDetails
values('OR108', 'P012', 7 )

insert into tblOrderProductDetails
values('OR108', 'P031', 10 )

insert into tblOrderProductDetails
values('OR108', 'P033', 9 )

insert into tblOrderProductDetails
values('OR108', 'P083', 7 )

insert into tblOrderProductDetails
values('OR108', 'P030', 5 )

insert into tblOrderProductDetails
values('OR108', 'P007', 4 )

insert into tblOrderProductDetails
values('OR108', 'P033', 2 )

insert into tblOrderProductDetails
values('OR107', 'P005', 1 )

insert into tblOrderProductDetails
values('OR107', 'P078', 1 )

insert into tblOrderProductDetails
values('OR107', 'P038', 2 )

insert into tblOrderProductDetails
values('OR107', 'P078', 6 )

insert into tblOrderProductDetails
values('OR107', 'P025', 8 )

insert into tblOrderProductDetails
values('OR107', 'P004', 3 )

insert into tblOrderProductDetails
values('OR107', 'P098', 7 )

insert into tblOrderProductDetails
values('OR106', 'P023', 3 )

insert into tblOrderProductDetails
values('OR106', 'P004', 6 )

insert into tblOrderProductDetails
values('OR106', 'P050', 9 )

insert into tblOrderProductDetails
values('OR105', 'P037', 5 )

insert into tblOrderProductDetails
values('OR104', 'P079', 1 )

insert into tblOrderProductDetails
values('OR104', 'P026', 6 )

insert into tblOrderProductDetails
values('OR104', 'P053', 3 )

insert into tblOrderProductDetails
values('OR103', 'P070', 6 )

insert into tblOrderProductDetails
values('OR103', 'P098', 1 )

insert into tblOrderProductDetails
values('OR103', 'P047', 10 )

insert into tblOrderProductDetails
values('OR103', 'P097', 4 )

insert into tblOrderProductDetails
values('OR103', 'P025', 4 )

insert into tblOrderProductDetails
values('OR102', 'P052', 5 )

insert into tblOrderProductDetails
values('OR102', 'P054', 4 )

insert into tblOrderProductDetails
values('OR102', 'P042', 7 )

insert into tblOrderProductDetails
values('OR102', 'P026', 6 )

insert into tblOrderProductDetails
values('OR102', 'P057', 5 )

insert into tblOrderProductDetails
values('OR102', 'P027', 9 )

insert into tblOrderProductDetails
values('OR101', 'P084', 9 )

insert into tblOrderProductDetails
values('OR101', 'P039', 10 )

insert into tblOrderProductDetails
values('OR100', 'P052', 5 )

insert into tblOrderProductDetails
values('OR100', 'P051', 7 )

insert into tblOrderProductDetails
values('OR049', 'P035', 9 )

insert into tblOrderProductDetails
values('OR049', 'P063', 2 )

insert into tblOrderProductDetails
values('OR049', 'P014', 4 )

insert into tblOrderProductDetails
values('OR049', 'P083', 8 )

insert into tblOrderProductDetails
values('OR049', 'P051', 8 )

insert into tblOrderProductDetails
values('OR049', 'P049', 1 )

insert into tblOrderProductDetails
values('OR049', 'P011', 3 )

insert into tblOrderProductDetails
values('OR048', 'P014', 5 )

insert into tblOrderProductDetails
values('OR048', 'P047', 3 )

insert into tblOrderProductDetails
values('OR048', 'P052', 7 )

insert into tblOrderProductDetails
values('OR048', 'P058', 5 )

insert into tblOrderProductDetails
values('OR048', 'P086', 4 )

insert into tblOrderProductDetails
values('OR048', 'P042', 1 )

insert into tblOrderProductDetails
values('OR048', 'P075', 1 )

insert into tblOrderProductDetails
values('OR048', 'P018', 1 )

insert into tblOrderProductDetails
values('OR048', 'P010', 7 )

insert into tblOrderProductDetails
values('OR169', 'P013', 6 )

insert into tblOrderProductDetails
values('OR169', 'P006', 8 )

insert into tblOrderProductDetails
values('OR169', 'P031', 3 )

insert into tblOrderProductDetails
values('OR169', 'P062', 7 )

insert into tblOrderProductDetails
values('OR169', 'P092', 7 )

insert into tblOrderProductDetails
values('OR169', 'P040', 1 )

insert into tblOrderProductDetails
values('OR169', 'P056', 10 )

insert into tblOrderProductDetails
values('OR047', 'P042', 9 )

insert into tblOrderProductDetails
values('OR047', 'P066', 6 )

insert into tblOrderProductDetails
values('OR047', 'P094', 2 )

insert into tblOrderProductDetails
values('OR047', 'P006', 6 )

insert into tblOrderProductDetails
values('OR168', 'P068', 5 )

insert into tblOrderProductDetails
values('OR168', 'P089', 1 )

insert into tblOrderProductDetails
values('OR168', 'P049', 4 )

insert into tblOrderProductDetails
values('OR168', 'P031', 1 )

insert into tblOrderProductDetails
values('OR168', 'P011', 2 )

insert into tblOrderProductDetails
values('OR168', 'P051', 3 )

insert into tblOrderProductDetails
values('OR168', 'P008', 2 )

insert into tblOrderProductDetails
values('OR168', 'P046', 10 )

insert into tblOrderProductDetails
values('OR168', 'P078', 5 )

insert into tblOrderProductDetails
values('OR046', 'P034', 7 )

insert into tblOrderProductDetails
values('OR046', 'P035', 5 )

insert into tblOrderProductDetails
values('OR046', 'P026', 5 )

insert into tblOrderProductDetails
values('OR046', 'P066', 7 )

insert into tblOrderProductDetails
values('OR046', 'P090', 2 )

insert into tblOrderProductDetails
values('OR046', 'P084', 10 )

insert into tblOrderProductDetails
values('OR046', 'P043', 7 )

insert into tblOrderProductDetails
values('OR046', 'P076', 4 )

insert into tblOrderProductDetails
values('OR046', 'P093', 8 )

insert into tblOrderProductDetails
values('OR046', 'P096', 10 )

insert into tblOrderProductDetails
values('OR167', 'P043', 3 )

insert into tblOrderProductDetails
values('OR167', 'P040', 4 )

insert into tblOrderProductDetails
values('OR167', 'P019', 1 )

insert into tblOrderProductDetails
values('OR167', 'P065', 5 )

insert into tblOrderProductDetails
values('OR167', 'P084', 7 )

insert into tblOrderProductDetails
values('OR167', 'P002', 8 )

insert into tblOrderProductDetails
values('OR167', 'P070', 9 )

insert into tblOrderProductDetails
values('OR167', 'P016', 10 )

insert into tblOrderProductDetails
values('OR045', 'P019', 3 )

insert into tblOrderProductDetails
values('OR045', 'P098', 6 )

insert into tblOrderProductDetails
values('OR045', 'P030', 6 )

insert into tblOrderProductDetails
values('OR045', 'P006', 8 )

insert into tblOrderProductDetails
values('OR045', 'P095', 8 )

insert into tblOrderProductDetails
values('OR045', 'P071', 7 )

insert into tblOrderProductDetails
values('OR045', 'P011', 6 )

insert into tblOrderProductDetails
values('OR045', 'P036', 10 )

insert into tblOrderProductDetails
values('OR045', 'P035', 10 )

insert into tblOrderProductDetails
values('OR166', 'P031', 3 )

insert into tblOrderProductDetails
values('OR166', 'P048', 6 )

insert into tblOrderProductDetails
values('OR166', 'P077', 9 )

insert into tblOrderProductDetails
values('OR166', 'P094', 4 )

insert into tblOrderProductDetails
values('OR166', 'P010', 5 )

insert into tblOrderProductDetails
values('OR166', 'P010', 3 )

insert into tblOrderProductDetails
values('OR166', 'P061', 7 )

insert into tblOrderProductDetails
values('OR166', 'P068', 3 )

insert into tblOrderProductDetails
values('OR166', 'P017', 2 )

insert into tblOrderProductDetails
values('OR044', 'P063', 10 )

insert into tblOrderProductDetails
values('OR044', 'P035', 4 )

insert into tblOrderProductDetails
values('OR044', 'P053', 4 )

insert into tblOrderProductDetails
values('OR044', 'P043', 3 )

insert into tblOrderProductDetails
values('OR044', 'P022', 6 )

insert into tblOrderProductDetails
values('OR044', 'P045', 6 )

insert into tblOrderProductDetails
values('OR044', 'P064', 2 )

insert into tblOrderProductDetails
values('OR165', 'P038', 6 )

insert into tblOrderProductDetails
values('OR165', 'P040', 9 )

insert into tblOrderProductDetails
values('OR165', 'P036', 5 )

insert into tblOrderProductDetails
values('OR165', 'P020', 3 )

insert into tblOrderProductDetails
values('OR043', 'P020', 9 )

insert into tblOrderProductDetails
values('OR043', 'P031', 6 )

insert into tblOrderProductDetails
values('OR043', 'P067', 2 )

insert into tblOrderProductDetails
values('OR043', 'P002', 3 )

insert into tblOrderProductDetails
values('OR043', 'P031', 7 )

insert into tblOrderProductDetails
values('OR043', 'P040', 4 )

insert into tblOrderProductDetails
values('OR043', 'P034', 6 )

insert into tblOrderProductDetails
values('OR043', 'P068', 9 )

insert into tblOrderProductDetails
values('OR043', 'P019', 8 )

insert into tblOrderProductDetails
values('OR043', 'P020', 8 )

insert into tblOrderProductDetails
values('OR164', 'P084', 8 )

insert into tblOrderProductDetails
values('OR164', 'P065', 10 )

insert into tblOrderProductDetails
values('OR042', 'P048', 4 )

insert into tblOrderProductDetails
values('OR042', 'P087', 1 )

insert into tblOrderProductDetails
values('OR042', 'P026', 6 )

insert into tblOrderProductDetails
values('OR042', 'P070', 7 )

insert into tblOrderProductDetails
values('OR042', 'P062', 9 )

insert into tblOrderProductDetails
values('OR042', 'P058', 5 )

insert into tblOrderProductDetails
values('OR042', 'P038', 7 )

insert into tblOrderProductDetails
values('OR042', 'P064', 5 )

insert into tblOrderProductDetails
values('OR042', 'P038', 2 )

insert into tblOrderProductDetails
values('OR163', 'P058', 2 )

insert into tblOrderProductDetails
values('OR041', 'P087', 8 )

insert into tblOrderProductDetails
values('OR041', 'P059', 1 )

insert into tblOrderProductDetails
values('OR041', 'P061', 9 )

insert into tblOrderProductDetails
values('OR041', 'P078', 8 )

insert into tblOrderProductDetails
values('OR162', 'P039', 8 )

insert into tblOrderProductDetails
values('OR162', 'P090', 4 )

insert into tblOrderProductDetails
values('OR162', 'P034', 1 )

insert into tblOrderProductDetails
values('OR162', 'P067', 5 )

insert into tblOrderProductDetails
values('OR162', 'P042', 9 )

insert into tblOrderProductDetails
values('OR040', 'P008', 9 )

insert into tblOrderProductDetails
values('OR040', 'P060', 6 )

insert into tblOrderProductDetails
values('OR040', 'P076', 3 )

insert into tblOrderProductDetails
values('OR040', 'P018', 9 )

insert into tblOrderProductDetails
values('OR040', 'P032', 7 )

insert into tblOrderProductDetails
values('OR040', 'P007', 10 )

insert into tblOrderProductDetails
values('OR040', 'P009', 3 )

insert into tblOrderProductDetails
values('OR040', 'P014', 2 )

insert into tblOrderProductDetails
values('OR040', 'P097', 10 )

insert into tblOrderProductDetails
values('OR161', 'P052', 5 )

insert into tblOrderProductDetails
values('OR161', 'P056', 2 )

insert into tblOrderProductDetails
values('OR161', 'P060', 3 )

insert into tblOrderProductDetails
values('OR161', 'P031', 1 )

insert into tblOrderProductDetails
values('OR161', 'P076', 7 )

insert into tblOrderProductDetails
values('OR160', 'P005', 2 )

insert into tblOrderProductDetails
values('OR160', 'P024', 10 )

insert into tblOrderProductDetails
values('OR160', 'P056', 4 )

insert into tblOrderProductDetails
values('OR160', 'P083', 6 )

insert into tblOrderProductDetails
values('OR160', 'P053', 7 )

insert into tblOrderProductDetails
values('OR039', 'P020', 10 )

insert into tblOrderProductDetails
values('OR039', 'P033', 8 )

insert into tblOrderProductDetails
values('OR039', 'P002', 3 )

insert into tblOrderProductDetails
values('OR039', 'P084', 2 )

insert into tblOrderProductDetails
values('OR039', 'P007', 6 )

insert into tblOrderProductDetails
values('OR039', 'P004', 8 )

insert into tblOrderProductDetails
values('OR039', 'P084', 7 )

insert into tblOrderProductDetails
values('OR039', 'P061', 9 )

insert into tblOrderProductDetails
values('OR038', 'P082', 6 )

insert into tblOrderProductDetails
values('OR038', 'P063', 6 )

insert into tblOrderProductDetails
values('OR038', 'P007', 6 )

insert into tblOrderProductDetails
values('OR038', 'P066', 3 )

insert into tblOrderProductDetails
values('OR038', 'P013', 2 )

insert into tblOrderProductDetails
values('OR038', 'P012', 2 )

insert into tblOrderProductDetails
values('OR038', 'P067', 3 )

insert into tblOrderProductDetails
values('OR159', 'P044', 7 )

insert into tblOrderProductDetails
values('OR159', 'P094', 2 )

insert into tblOrderProductDetails
values('OR159', 'P011', 5 )

insert into tblOrderProductDetails
values('OR159', 'P031', 7 )

insert into tblOrderProductDetails
values('OR159', 'P070', 3 )

insert into tblOrderProductDetails
values('OR159', 'P014', 7 )

insert into tblOrderProductDetails
values('OR159', 'P095', 3 )

insert into tblOrderProductDetails
values('OR037', 'P002', 5 )

insert into tblOrderProductDetails
values('OR158', 'P056', 5 )

insert into tblOrderProductDetails
values('OR158', 'P032', 2 )

insert into tblOrderProductDetails
values('OR158', 'P025', 1 )

insert into tblOrderProductDetails
values('OR158', 'P055', 3 )

insert into tblOrderProductDetails
values('OR036', 'P043', 1 )

insert into tblOrderProductDetails
values('OR157', 'P033', 6 )

insert into tblOrderProductDetails
values('OR157', 'P017', 10 )

insert into tblOrderProductDetails
values('OR157', 'P012', 10 )

insert into tblOrderProductDetails
values('OR035', 'P067', 5 )

insert into tblOrderProductDetails
values('OR035', 'P088', 8 )

insert into tblOrderProductDetails
values('OR035', 'P095', 8 )

insert into tblOrderProductDetails
values('OR035', 'P087', 6 )

insert into tblOrderProductDetails
values('OR035', 'P001', 4 )

insert into tblOrderProductDetails
values('OR035', 'P039', 10 )

insert into tblOrderProductDetails
values('OR035', 'P006', 3 )

insert into tblOrderProductDetails
values('OR035', 'P091', 3 )

insert into tblOrderProductDetails
values('OR035', 'P029', 1 )

insert into tblOrderProductDetails
values('OR156', 'P038', 8 )

insert into tblOrderProductDetails
values('OR156', 'P044', 10 )

insert into tblOrderProductDetails
values('OR156', 'P016', 3 )

insert into tblOrderProductDetails
values('OR156', 'P062', 1 )

insert into tblOrderProductDetails
values('OR156', 'P009', 6 )

insert into tblOrderProductDetails
values('OR156', 'P077', 1 )

insert into tblOrderProductDetails
values('OR156', 'P089', 3 )

insert into tblOrderProductDetails
values('OR034', 'P006', 6 )

insert into tblOrderProductDetails
values('OR155', 'P053', 3 )

insert into tblOrderProductDetails
values('OR155', 'P097', 3 )

insert into tblOrderProductDetails
values('OR155', 'P038', 5 )

insert into tblOrderProductDetails
values('OR155', 'P011', 4 )

insert into tblOrderProductDetails
values('OR033', 'P046', 4 )

insert into tblOrderProductDetails
values('OR033', 'P092', 6 )

insert into tblOrderProductDetails
values('OR033', 'P037', 9 )

insert into tblOrderProductDetails
values('OR154', 'P041', 8 )

insert into tblOrderProductDetails
values('OR154', 'P003', 6 )

insert into tblOrderProductDetails
values('OR154', 'P075', 8 )

insert into tblOrderProductDetails
values('OR154', 'P009', 7 )

insert into tblOrderProductDetails
values('OR154', 'P030', 4 )

insert into tblOrderProductDetails
values('OR154', 'P007', 2 )

insert into tblOrderProductDetails
values('OR154', 'P009', 4 )

insert into tblOrderProductDetails
values('OR032', 'P050', 5 )

insert into tblOrderProductDetails
values('OR032', 'P002', 4 )

insert into tblOrderProductDetails
values('OR032', 'P096', 1 )

insert into tblOrderProductDetails
values('OR032', 'P019', 9 )

insert into tblOrderProductDetails
values('OR032', 'P052', 10 )

insert into tblOrderProductDetails
values('OR032', 'P079', 10 )

insert into tblOrderProductDetails
values('OR153', 'P010', 10 )

insert into tblOrderProductDetails
values('OR153', 'P094', 3 )

insert into tblOrderProductDetails
values('OR153', 'P076', 9 )

insert into tblOrderProductDetails
values('OR153', 'P044', 9 )

insert into tblOrderProductDetails
values('OR153', 'P004', 6 )

insert into tblOrderProductDetails
values('OR153', 'P092', 8 )

insert into tblOrderProductDetails
values('OR153', 'P074', 6 )

insert into tblOrderProductDetails
values('OR153', 'P030', 6 )

insert into tblOrderProductDetails
values('OR153', 'P064', 7 )

insert into tblOrderProductDetails
values('OR031', 'P071', 9 )

insert into tblOrderProductDetails
values('OR031', 'P022', 3 )

insert into tblOrderProductDetails
values('OR031', 'P062', 8 )

insert into tblOrderProductDetails
values('OR031', 'P040', 6 )

insert into tblOrderProductDetails
values('OR031', 'P046', 1 )

insert into tblOrderProductDetails
values('OR031', 'P044', 9 )

insert into tblOrderProductDetails
values('OR031', 'P065', 9 )

insert into tblOrderProductDetails
values('OR031', 'P003', 9 )

insert into tblOrderProductDetails
values('OR031', 'P034', 4 )

insert into tblOrderProductDetails
values('OR152', 'P077', 8 )

insert into tblOrderProductDetails
values('OR152', 'P068', 6 )

insert into tblOrderProductDetails
values('OR152', 'P047', 2 )

insert into tblOrderProductDetails
values('OR152', 'P051', 9 )

insert into tblOrderProductDetails
values('OR030', 'P034', 4 )

insert into tblOrderProductDetails
values('OR030', 'P012', 7 )

insert into tblOrderProductDetails
values('OR030', 'P030', 7 )

insert into tblOrderProductDetails
values('OR151', 'P074', 6 )

insert into tblOrderProductDetails
values('OR151', 'P021', 9 )

insert into tblOrderProductDetails
values('OR151', 'P013', 1 )

insert into tblOrderProductDetails
values('OR151', 'P024', 7 )

insert into tblOrderProductDetails
values('OR151', 'P041', 6 )

insert into tblOrderProductDetails
values('OR151', 'P053', 3 )

insert into tblOrderProductDetails
values('OR150', 'P060', 8 )

insert into tblOrderProductDetails
values('OR150', 'P019', 4 )

insert into tblOrderProductDetails
values('OR150', 'P045', 2 )

insert into tblOrderProductDetails
values('OR150', 'P006', 1 )

insert into tblOrderProductDetails
values('OR029', 'P041', 10 )

insert into tblOrderProductDetails
values('OR029', 'P088', 2 )

insert into tblOrderProductDetails
values('OR028', 'P018', 2 )

insert into tblOrderProductDetails
values('OR028', 'P063', 2 )

insert into tblOrderProductDetails
values('OR028', 'P087', 10 )

insert into tblOrderProductDetails
values('OR028', 'P098', 6 )

insert into tblOrderProductDetails
values('OR028', 'P015', 10 )

insert into tblOrderProductDetails
values('OR149', 'P053', 2 )

insert into tblOrderProductDetails
values('OR149', 'P013', 1 )

insert into tblOrderProductDetails
values('OR149', 'P054', 1 )

insert into tblOrderProductDetails
values('OR149', 'P083', 7 )

insert into tblOrderProductDetails
values('OR027', 'P093', 9 )

insert into tblOrderProductDetails
values('OR027', 'P014', 9 )

insert into tblOrderProductDetails
values('OR027', 'P087', 10 )

insert into tblOrderProductDetails
values('OR148', 'P071', 3 )

insert into tblOrderProductDetails
values('OR148', 'P003', 10 )

insert into tblOrderProductDetails
values('OR148', 'P002', 8 )

insert into tblOrderProductDetails
values('OR026', 'P022', 5 )

insert into tblOrderProductDetails
values('OR026', 'P050', 9 )

insert into tblOrderProductDetails
values('OR026', 'P052', 9 )

insert into tblOrderProductDetails
values('OR026', 'P067', 3 )

insert into tblOrderProductDetails
values('OR026', 'P020', 6 )

insert into tblOrderProductDetails
values('OR026', 'P048', 4 )

insert into tblOrderProductDetails
values('OR026', 'P011', 5 )

insert into tblOrderProductDetails
values('OR147', 'P009', 3 )

insert into tblOrderProductDetails
values('OR025', 'P078', 2 )

insert into tblOrderProductDetails
values('OR025', 'P021', 2 )

insert into tblOrderProductDetails
values('OR146', 'P024', 1 )

insert into tblOrderProductDetails
values('OR146', 'P051', 9 )

insert into tblOrderProductDetails
values('OR146', 'P060', 6 )

insert into tblOrderProductDetails
values('OR146', 'P089', 9 )

insert into tblOrderProductDetails
values('OR146', 'P020', 9 )

insert into tblOrderProductDetails
values('OR146', 'P030', 5 )

insert into tblOrderProductDetails
values('OR146', 'P044', 6 )

insert into tblOrderProductDetails
values('OR146', 'P082', 1 )

insert into tblOrderProductDetails
values('OR146', 'P033', 1 )

insert into tblOrderProductDetails
values('OR146', 'P043', 5 )

insert into tblOrderProductDetails
values('OR024', 'P091', 7 )

insert into tblOrderProductDetails
values('OR024', 'P055', 4 )

insert into tblOrderProductDetails
values('OR024', 'P009', 8 )

insert into tblOrderProductDetails
values('OR145', 'P064', 6 )

insert into tblOrderProductDetails
values('OR145', 'P006', 10 )

insert into tblOrderProductDetails
values('OR145', 'P074', 6 )

insert into tblOrderProductDetails
values('OR145', 'P049', 8 )

insert into tblOrderProductDetails
values('OR145', 'P071', 4 )

insert into tblOrderProductDetails
values('OR145', 'P024', 4 )

insert into tblOrderProductDetails
values('OR145', 'P003', 7 )

insert into tblOrderProductDetails
values('OR145', 'P024', 7 )

insert into tblOrderProductDetails
values('OR145', 'P008', 3 )

insert into tblOrderProductDetails
values('OR023', 'P037', 5 )

insert into tblOrderProductDetails
values('OR023', 'P042', 8 )

insert into tblOrderProductDetails
values('OR023', 'P082', 2 )

insert into tblOrderProductDetails
values('OR144', 'P031', 2 )

insert into tblOrderProductDetails
values('OR144', 'P088', 7 )

insert into tblOrderProductDetails
values('OR144', 'P024', 9 )

insert into tblOrderProductDetails
values('OR144', 'P022', 1 )

insert into tblOrderProductDetails
values('OR144', 'P058', 7 )

insert into tblOrderProductDetails
values('OR144', 'P058', 1 )

insert into tblOrderProductDetails
values('OR144', 'P046', 4 )

insert into tblOrderProductDetails
values('OR144', 'P076', 9 )

insert into tblOrderProductDetails
values('OR144', 'P050', 4 )

insert into tblOrderProductDetails
values('OR144', 'P050', 4 )

insert into tblOrderProductDetails
values('OR022', 'P055', 9 )

insert into tblOrderProductDetails
values('OR022', 'P054', 9 )

insert into tblOrderProductDetails
values('OR022', 'P079', 7 )

insert into tblOrderProductDetails
values('OR022', 'P049', 2 )

insert into tblOrderProductDetails
values('OR022', 'P065', 7 )

insert into tblOrderProductDetails
values('OR143', 'P052', 3 )

insert into tblOrderProductDetails
values('OR143', 'P097', 6 )

insert into tblOrderProductDetails
values('OR143', 'P097', 4 )

insert into tblOrderProductDetails
values('OR143', 'P022', 1 )

insert into tblOrderProductDetails
values('OR143', 'P014', 3 )

insert into tblOrderProductDetails
values('OR021', 'P094', 7 )

insert into tblOrderProductDetails
values('OR021', 'P090', 8 )

insert into tblOrderProductDetails
values('OR021', 'P073', 7 )

insert into tblOrderProductDetails
values('OR021', 'P057', 3 )

insert into tblOrderProductDetails
values('OR021', 'P078', 4 )

insert into tblOrderProductDetails
values('OR021', 'P014', 10 )

insert into tblOrderProductDetails
values('OR142', 'P084', 5 )

insert into tblOrderProductDetails
values('OR142', 'P027', 2 )

insert into tblOrderProductDetails
values('OR142', 'P049', 10 )

insert into tblOrderProductDetails
values('OR020', 'P083', 4 )

insert into tblOrderProductDetails
values('OR020', 'P067', 10 )

insert into tblOrderProductDetails
values('OR020', 'P084', 2 )

insert into tblOrderProductDetails
values('OR020', 'P043', 6 )

insert into tblOrderProductDetails
values('OR141', 'P005', 1 )

insert into tblOrderProductDetails
values('OR141', 'P010', 7 )

insert into tblOrderProductDetails
values('OR141', 'P061', 4 )

insert into tblOrderProductDetails
values('OR141', 'P011', 1 )

insert into tblOrderProductDetails
values('OR141', 'P073', 4 )

insert into tblOrderProductDetails
values('OR141', 'P066', 5 )

insert into tblOrderProductDetails
values('OR141', 'P002', 2 )

insert into tblOrderProductDetails
values('OR141', 'P058', 3 )

insert into tblOrderProductDetails
values('OR141', 'P068', 1 )

insert into tblOrderProductDetails
values('OR140', 'P092', 6 )

insert into tblOrderProductDetails
values('OR140', 'P030', 2 )

insert into tblOrderProductDetails
values('OR140', 'P020', 5 )

insert into tblOrderProductDetails
values('OR140', 'P032', 3 )

insert into tblOrderProductDetails
values('OR140', 'P078', 2 )

insert into tblOrderProductDetails
values('OR140', 'P088', 1 )

insert into tblOrderProductDetails
values('OR140', 'P071', 5 )

insert into tblOrderProductDetails
values('OR140', 'P070', 6 )

insert into tblOrderProductDetails
values('OR140', 'P049', 3 )

insert into tblOrderProductDetails
values('OR019', 'P027', 6 )

insert into tblOrderProductDetails
values('OR019', 'P029', 2 )

insert into tblOrderProductDetails
values('OR019', 'P056', 10 )

insert into tblOrderProductDetails
values('OR019', 'P055', 4 )

insert into tblOrderProductDetails
values('OR019', 'P018', 10 )

insert into tblOrderProductDetails
values('OR019', 'P010', 9 )

insert into tblOrderProductDetails
values('OR019', 'P008', 3 )

insert into tblOrderProductDetails
values('OR019', 'P005', 2 )

insert into tblOrderProductDetails
values('OR019', 'P003', 10 )

insert into tblOrderProductDetails
values('OR018', 'P053', 9 )

insert into tblOrderProductDetails
values('OR018', 'P040', 5 )

insert into tblOrderProductDetails
values('OR018', 'P010', 10 )

insert into tblOrderProductDetails
values('OR018', 'P029', 7 )

insert into tblOrderProductDetails
values('OR018', 'P089', 6 )

insert into tblOrderProductDetails
values('OR018', 'P046', 2 )

insert into tblOrderProductDetails
values('OR018', 'P027', 6 )

insert into tblOrderProductDetails
values('OR018', 'P051', 3 )

insert into tblOrderProductDetails
values('OR139', 'P022', 1 )

insert into tblOrderProductDetails
values('OR139', 'P075', 10 )

insert into tblOrderProductDetails
values('OR139', 'P003', 2 )

insert into tblOrderProductDetails
values('OR139', 'P011', 2 )

insert into tblOrderProductDetails
values('OR139', 'P016', 6 )

insert into tblOrderProductDetails
values('OR139', 'P025', 7 )

insert into tblOrderProductDetails
values('OR139', 'P019', 9 )

insert into tblOrderProductDetails
values('OR139', 'P002', 5 )

insert into tblOrderProductDetails
values('OR139', 'P067', 10 )

insert into tblOrderProductDetails
values('OR139', 'P047', 4 )

insert into tblOrderProductDetails
values('OR017', 'P055', 10 )

insert into tblOrderProductDetails
values('OR017', 'P025', 5 )

insert into tblOrderProductDetails
values('OR017', 'P056', 8 )

insert into tblOrderProductDetails
values('OR017', 'P075', 3 )

insert into tblOrderProductDetails
values('OR138', 'P049', 5 )

insert into tblOrderProductDetails
values('OR138', 'P054', 2 )

insert into tblOrderProductDetails
values('OR016', 'P022', 9 )

insert into tblOrderProductDetails
values('OR016', 'P015', 7 )

insert into tblOrderProductDetails
values('OR016', 'P048', 7 )

insert into tblOrderProductDetails
values('OR016', 'P024', 7 )

insert into tblOrderProductDetails
values('OR016', 'P063', 10 )

insert into tblOrderProductDetails
values('OR016', 'P008', 4 )

insert into tblOrderProductDetails
values('OR137', 'P017', 6 )

insert into tblOrderProductDetails
values('OR137', 'P091', 1 )

insert into tblOrderProductDetails
values('OR137', 'P097', 3 )

insert into tblOrderProductDetails
values('OR137', 'P029', 6 )

insert into tblOrderProductDetails
values('OR137', 'P019', 10 )

insert into tblOrderProductDetails
values('OR137', 'P084', 6 )

insert into tblOrderProductDetails
values('OR137', 'P092', 3 )

insert into tblOrderProductDetails
values('OR137', 'P044', 4 )

insert into tblOrderProductDetails
values('OR015', 'P034', 2 )

insert into tblOrderProductDetails
values('OR015', 'P045', 8 )

insert into tblOrderProductDetails
values('OR015', 'P095', 4 )

insert into tblOrderProductDetails
values('OR136', 'P015', 10 )

insert into tblOrderProductDetails
values('OR136', 'P017', 6 )

insert into tblOrderProductDetails
values('OR136', 'P081', 4 )

insert into tblOrderProductDetails
values('OR136', 'P073', 4 )

insert into tblOrderProductDetails
values('OR136', 'P001', 2 )

insert into tblOrderProductDetails
values('OR136', 'P032', 9 )

insert into tblOrderProductDetails
values('OR136', 'P049', 1 )

insert into tblOrderProductDetails
values('OR014', 'P064', 9 )

insert into tblOrderProductDetails
values('OR014', 'P047', 8 )

insert into tblOrderProductDetails
values('OR014', 'P076', 5 )

insert into tblOrderProductDetails
values('OR014', 'P023', 7 )

insert into tblOrderProductDetails
values('OR135', 'P052', 3 )

insert into tblOrderProductDetails
values('OR135', 'P060', 1 )

insert into tblOrderProductDetails
values('OR135', 'P005', 6 )

insert into tblOrderProductDetails
values('OR135', 'P073', 10 )

insert into tblOrderProductDetails
values('OR135', 'P079', 1 )

insert into tblOrderProductDetails
values('OR135', 'P062', 8 )

insert into tblOrderProductDetails
values('OR135', 'P064', 1 )

insert into tblOrderProductDetails
values('OR135', 'P060', 6 )

insert into tblOrderProductDetails
values('OR013', 'P067', 3 )

insert into tblOrderProductDetails
values('OR013', 'P083', 3 )

insert into tblOrderProductDetails
values('OR013', 'P066', 5 )

insert into tblOrderProductDetails
values('OR013', 'P096', 10 )

insert into tblOrderProductDetails
values('OR134', 'P080', 2 )

insert into tblOrderProductDetails
values('OR134', 'P061', 9 )

insert into tblOrderProductDetails
values('OR012', 'P074', 3 )

insert into tblOrderProductDetails
values('OR012', 'P079', 5 )

insert into tblOrderProductDetails
values('OR012', 'P090', 7 )

insert into tblOrderProductDetails
values('OR133', 'P004', 7 )

insert into tblOrderProductDetails
values('OR133', 'P025', 10 )

insert into tblOrderProductDetails
values('OR133', 'P080', 1 )

insert into tblOrderProductDetails
values('OR133', 'P071', 9 )

insert into tblOrderProductDetails
values('OR133', 'P028', 6 )

insert into tblOrderProductDetails
values('OR133', 'P061', 7 )

insert into tblOrderProductDetails
values('OR133', 'P006', 4 )

insert into tblOrderProductDetails
values('OR133', 'P036', 2 )

insert into tblOrderProductDetails
values('OR133', 'P012', 4 )

insert into tblOrderProductDetails
values('OR133', 'P053', 3 )

insert into tblOrderProductDetails
values('OR011', 'P029', 10 )

insert into tblOrderProductDetails
values('OR011', 'P090', 10 )

insert into tblOrderProductDetails
values('OR011', 'P009', 7 )

insert into tblOrderProductDetails
values('OR132', 'P012', 7 )

insert into tblOrderProductDetails
values('OR132', 'P066', 4 )

insert into tblOrderProductDetails
values('OR132', 'P069', 5 )

insert into tblOrderProductDetails
values('OR010', 'P059', 3 )

insert into tblOrderProductDetails
values('OR010', 'P001', 4 )

insert into tblOrderProductDetails
values('OR010', 'P058', 6 )

insert into tblOrderProductDetails
values('OR131', 'P020', 4 )

insert into tblOrderProductDetails
values('OR131', 'P084', 3 )

insert into tblOrderProductDetails
values('OR131', 'P007', 6 )

insert into tblOrderProductDetails
values('OR131', 'P046', 7 )

insert into tblOrderProductDetails
values('OR131', 'P036', 2 )

insert into tblOrderProductDetails
values('OR130', 'P066', 3 )


--tblProcessOrderDetails
insert into tblProcessOrderDetails
values('OR089', 'E087', '2018-01-13', 'Waiting', 'Waiting for processing')

insert into tblProcessOrderDetails
values('OR089', 'E040', '2018-02-24', 'Processing', 'Processing')

insert into tblProcessOrderDetails
values('OR089', 'E021', '2018-03-12', 'Done', 'Done')

insert into tblProcessOrderDetails
values('OR088', 'E091', '2018-02-17', 'Waiting', 'Waiting for processing')

insert into tblProcessOrderDetails
values('OR088', 'E020', '2018-04-10', 'Processing', 'Processing')

insert into tblProcessOrderDetails
values('OR088', 'E009', '2018-04-28', 'Done', 'Done')

insert into tblProcessOrderDetails
values('OR087', 'E088', '2018-02-25', 'Waiting', 'Waiting for processing')

insert into tblProcessOrderDetails
values('OR087', 'E087', '2018-03-12', 'Processing', 'Processing')

insert into tblProcessOrderDetails
values('OR087', 'E031', '2018-04-10', 'Done', 'Done')

insert into tblProcessOrderDetails
values('OR086', 'E015', '2018-01-30', 'Waiting', 'Waiting for processing')

insert into tblProcessOrderDetails
values('OR086', 'E099', '2018-04-08', 'Processing', 'Processing')

insert into tblProcessOrderDetails
values('OR086', 'E062', '2018-04-21', 'Done', 'Done')

insert into tblProcessOrderDetails
values('OR085', 'E061', '2017-11-27', 'Waiting', 'Waiting for processing')

insert into tblProcessOrderDetails
values('OR085', 'E009', '2018-04-23', 'Processing', 'Processing')

insert into tblProcessOrderDetails
values('OR085', 'E017', '2018-04-23', 'Done', 'Done')

insert into tblProcessOrderDetails
values('OR084', 'E039', '2018-04-07', 'Waiting', 'Waiting for processing')

insert into tblProcessOrderDetails
values('OR084', 'E019', '2018-04-26', 'Processing', 'Processing')

insert into tblProcessOrderDetails
values('OR084', 'E012', '2018-04-27', 'Done', 'Done')

insert into tblProcessOrderDetails
values('OR083', 'E052', '2018-04-28', 'Waiting', 'Waiting for processing')

insert into tblProcessOrderDetails
values('OR083', 'E026', '2018-04-28', 'Processing', 'Processing')

insert into tblProcessOrderDetails
values('OR083', 'E022', '2018-04-28', 'Done', 'Done')

insert into tblProcessOrderDetails
values('OR082', 'E008', '2018-04-24', 'Waiting', 'Waiting for processing')

insert into tblProcessOrderDetails
values('OR082', 'E013', '2018-04-24', 'Processing', 'Processing')

insert into tblProcessOrderDetails
values('OR082', 'E035', '2018-04-27', 'Done', 'Done')

insert into tblProcessOrderDetails
values('OR081', 'E074', '2018-03-06', 'Waiting', 'Waiting for processing')

insert into tblProcessOrderDetails
values('OR081', 'E069', '2018-03-27', 'Processing', 'Processing')

insert into tblProcessOrderDetails
values('OR081', 'E091', '2018-03-29', 'Done', 'Done')

insert into tblProcessOrderDetails
values('OR080', 'E075', '2018-04-28', 'Waiting', 'Waiting for processing')

insert into tblProcessOrderDetails
values('OR080', 'E060', '2018-04-28', 'Processing', 'Processing')

insert into tblProcessOrderDetails
values('OR080', 'E012', '2018-04-28', 'Done', 'Done')

insert into tblProcessOrderDetails
values('OR079', 'E044', '2018-02-11', 'Waiting', 'Waiting for processing')

insert into tblProcessOrderDetails
values('OR079', 'E009', '2018-03-26', 'Processing', 'Processing')

insert into tblProcessOrderDetails
values('OR079', 'E049', '2018-04-05', 'Done', 'Done')

insert into tblProcessOrderDetails
values('OR078', 'E057', '2018-04-24', 'Waiting', 'Waiting for processing')

insert into tblProcessOrderDetails
values('OR078', 'E013', '2018-04-26', 'Processing', 'Processing')

insert into tblProcessOrderDetails
values('OR078', 'E068', '2018-04-26', 'Done', 'Done')

insert into tblProcessOrderDetails
values('OR199', 'E015', '2018-04-27', 'Waiting', 'Waiting for processing')

insert into tblProcessOrderDetails
values('OR199', 'E092', '2018-04-28', 'Processing', 'Processing')

insert into tblProcessOrderDetails
values('OR199', 'E032', '2018-04-28', 'Done', 'Done')

insert into tblProcessOrderDetails
values('OR077', 'E014', '2018-03-11', 'Waiting', 'Waiting for processing')

insert into tblProcessOrderDetails
values('OR077', 'E078', '2018-04-15', 'Processing', 'Processing')

insert into tblProcessOrderDetails
values('OR077', 'E009', '2018-04-24', 'Done', 'Done')

insert into tblProcessOrderDetails
values('OR198', 'E013', '2018-03-24', 'Waiting', 'Waiting for processing')

insert into tblProcessOrderDetails
values('OR198', 'E090', '2018-03-29', 'Processing', 'Processing')

insert into tblProcessOrderDetails
values('OR198', 'E100', '2018-04-11', 'Done', 'Done')

insert into tblProcessOrderDetails
values('OR076', 'E030', '2018-04-28', 'Waiting', 'Waiting for processing')

insert into tblProcessOrderDetails
values('OR076', 'E010', '2018-04-28', 'Processing', 'Processing')

insert into tblProcessOrderDetails
values('OR076', 'E056', '2018-04-28', 'Done', 'Done')

insert into tblProcessOrderDetails
values('OR197', 'E047', '2018-04-26', 'Waiting', 'Waiting for processing')

insert into tblProcessOrderDetails
values('OR197', 'E036', '2018-04-27', 'Processing', 'Processing')

insert into tblProcessOrderDetails
values('OR197', 'E024', '2018-04-28', 'Done', 'Done')

insert into tblProcessOrderDetails
values('OR075', 'E001', '2018-04-28', 'Waiting', 'Waiting for processing')

insert into tblProcessOrderDetails
values('OR075', 'E100', '2018-04-28', 'Processing', 'Processing')

insert into tblProcessOrderDetails
values('OR075', 'E021', '2018-04-28', 'Done', 'Done')

insert into tblProcessOrderDetails
values('OR196', 'E084', '2018-01-07', 'Waiting', 'Waiting for processing')

insert into tblProcessOrderDetails
values('OR196', 'E034', '2018-01-08', 'Processing', 'Processing')

insert into tblProcessOrderDetails
values('OR196', 'E030', '2018-01-13', 'Done', 'Done')

insert into tblProcessOrderDetails
values('OR074', 'E084', '2018-04-28', 'Waiting', 'Waiting for processing')

insert into tblProcessOrderDetails
values('OR074', 'E031', '2018-04-28', 'Processing', 'Processing')

insert into tblProcessOrderDetails
values('OR074', 'E089', '2018-04-28', 'Done', 'Done')

insert into tblProcessOrderDetails
values('OR195', 'E064', '2018-04-28', 'Waiting', 'Waiting for processing')

insert into tblProcessOrderDetails
values('OR195', 'E020', '2018-04-28', 'Processing', 'Processing')

insert into tblProcessOrderDetails
values('OR195', 'E095', '2018-04-28', 'Done', 'Done')

insert into tblProcessOrderDetails
values('OR073', 'E054', '2017-12-15', 'Waiting', 'Waiting for processing')

insert into tblProcessOrderDetails
values('OR073', 'E084', '2018-04-27', 'Processing', 'Processing')

insert into tblProcessOrderDetails
values('OR073', 'E040', '2018-04-27', 'Done', 'Done')

insert into tblProcessOrderDetails
values('OR194', 'E042', '2018-03-26', 'Waiting', 'Waiting for processing')

insert into tblProcessOrderDetails
values('OR194', 'E045', '2018-04-03', 'Processing', 'Processing')

insert into tblProcessOrderDetails
values('OR194', 'E001', '2018-04-16', 'Done', 'Done')

insert into tblProcessOrderDetails
values('OR072', 'E080', '2018-04-28', 'Waiting', 'Waiting for processing')

insert into tblProcessOrderDetails
values('OR072', 'E064', '2018-04-28', 'Processing', 'Processing')

insert into tblProcessOrderDetails
values('OR072', 'E010', '2018-04-28', 'Done', 'Done')

insert into tblProcessOrderDetails
values('OR193', 'E052', '2018-03-24', 'Waiting', 'Waiting for processing')

insert into tblProcessOrderDetails
values('OR193', 'E048', '2018-04-20', 'Processing', 'Processing')

insert into tblProcessOrderDetails
values('OR193', 'E045', '2018-04-24', 'Done', 'Done')

insert into tblProcessOrderDetails
values('OR071', 'E059', '2018-04-15', 'Waiting', 'Waiting for processing')

insert into tblProcessOrderDetails
values('OR071', 'E051', '2018-04-28', 'Processing', 'Processing')

insert into tblProcessOrderDetails
values('OR071', 'E038', '2018-04-28', 'Done', 'Done')

insert into tblProcessOrderDetails
values('OR192', 'E032', '2018-01-18', 'Waiting', 'Waiting for processing')

insert into tblProcessOrderDetails
values('OR192', 'E094', '2018-03-14', 'Processing', 'Processing')

insert into tblProcessOrderDetails
values('OR192', 'E067', '2018-03-30', 'Done', 'Done')

insert into tblProcessOrderDetails
values('OR070', 'E062', '2018-04-13', 'Waiting', 'Waiting for processing')

insert into tblProcessOrderDetails
values('OR070', 'E028', '2018-04-19', 'Processing', 'Processing')

insert into tblProcessOrderDetails
values('OR070', 'E025', '2018-04-25', 'Done', 'Done')

insert into tblProcessOrderDetails
values('OR191', 'E040', '2018-03-27', 'Waiting', 'Waiting for processing')

insert into tblProcessOrderDetails
values('OR191', 'E094', '2018-03-29', 'Processing', 'Processing')

insert into tblProcessOrderDetails
values('OR191', 'E094', '2018-03-29', 'Done', 'Done')

insert into tblProcessOrderDetails
values('OR190', 'E023', '2018-04-15', 'Waiting', 'Waiting for processing')

insert into tblProcessOrderDetails
values('OR190', 'E071', '2018-04-28', 'Processing', 'Processing')

insert into tblProcessOrderDetails
values('OR190', 'E068', '2018-04-28', 'Done', 'Done')

insert into tblProcessOrderDetails
values('OR069', 'E060', '2018-02-21', 'Waiting', 'Waiting for processing')

insert into tblProcessOrderDetails
values('OR069', 'E073', '2018-02-28', 'Processing', 'Processing')

insert into tblProcessOrderDetails
values('OR069', 'E032', '2018-03-12', 'Done', 'Done')

insert into tblProcessOrderDetails
values('OR068', 'E088', '2018-04-27', 'Waiting', 'Waiting for processing')

insert into tblProcessOrderDetails
values('OR068', 'E081', '2018-04-27', 'Processing', 'Processing')

insert into tblProcessOrderDetails
values('OR068', 'E098', '2018-04-28', 'Done', 'Done')

insert into tblProcessOrderDetails
values('OR189', 'E041', '2018-04-22', 'Waiting', 'Waiting for processing')

insert into tblProcessOrderDetails
values('OR189', 'E094', '2018-04-24', 'Processing', 'Processing')

insert into tblProcessOrderDetails
values('OR189', 'E009', '2018-04-27', 'Done', 'Done')

insert into tblProcessOrderDetails
values('OR067', 'E030', '2018-03-25', 'Waiting', 'Waiting for processing')

insert into tblProcessOrderDetails
values('OR067', 'E096', '2018-04-03', 'Processing', 'Processing')

insert into tblProcessOrderDetails
values('OR067', 'E030', '2018-04-23', 'Done', 'Done')

insert into tblProcessOrderDetails
values('OR188', 'E017', '2018-04-08', 'Waiting', 'Waiting for processing')

insert into tblProcessOrderDetails
values('OR188', 'E049', '2018-04-22', 'Processing', 'Processing')

insert into tblProcessOrderDetails
values('OR188', 'E021', '2018-04-22', 'Done', 'Done')

insert into tblProcessOrderDetails
values('OR066', 'E096', '2018-04-15', 'Waiting', 'Waiting for processing')

insert into tblProcessOrderDetails
values('OR066', 'E012', '2018-04-21', 'Processing', 'Processing')

insert into tblProcessOrderDetails
values('OR066', 'E072', '2018-04-21', 'Done', 'Done')

insert into tblProcessOrderDetails
values('OR187', 'E052', '2018-04-12', 'Waiting', 'Waiting for processing')

insert into tblProcessOrderDetails
values('OR187', 'E099', '2018-04-18', 'Processing', 'Processing')

insert into tblProcessOrderDetails
values('OR187', 'E064', '2018-04-27', 'Done', 'Done')

insert into tblProcessOrderDetails
values('OR065', 'E013', '2017-10-04', 'Waiting', 'Waiting for processing')

insert into tblProcessOrderDetails
values('OR065', 'E082', '2017-10-13', 'Processing', 'Processing')

insert into tblProcessOrderDetails
values('OR065', 'E050', '2018-04-06', 'Done', 'Done')

insert into tblProcessOrderDetails
values('OR186', 'E032', '2018-03-27', 'Waiting', 'Waiting for processing')

insert into tblProcessOrderDetails
values('OR186', 'E055', '2018-04-27', 'Processing', 'Processing')

insert into tblProcessOrderDetails
values('OR186', 'E034', '2018-04-28', 'Done', 'Done')

insert into tblProcessOrderDetails
values('OR064', 'E085', '2018-04-18', 'Waiting', 'Waiting for processing')

insert into tblProcessOrderDetails
values('OR064', 'E074', '2018-04-23', 'Processing', 'Processing')

insert into tblProcessOrderDetails
values('OR064', 'E010', '2018-04-28', 'Done', 'Done')

insert into tblProcessOrderDetails
values('OR185', 'E033', '2018-04-25', 'Waiting', 'Waiting for processing')

insert into tblProcessOrderDetails
values('OR185', 'E074', '2018-04-27', 'Processing', 'Processing')

insert into tblProcessOrderDetails
values('OR185', 'E098', '2018-04-27', 'Done', 'Done')

insert into tblProcessOrderDetails
values('OR063', 'E088', '2018-01-26', 'Waiting', 'Waiting for processing')

insert into tblProcessOrderDetails
values('OR063', 'E070', '2018-02-20', 'Processing', 'Processing')

insert into tblProcessOrderDetails
values('OR063', 'E071', '2018-03-13', 'Done', 'Done')

insert into tblProcessOrderDetails
values('OR184', 'E083', '2018-04-28', 'Waiting', 'Waiting for processing')

insert into tblProcessOrderDetails
values('OR184', 'E090', '2018-04-28', 'Processing', 'Processing')

insert into tblProcessOrderDetails
values('OR184', 'E072', '2018-04-28', 'Done', 'Done')

insert into tblProcessOrderDetails
values('OR062', 'E013', '2017-09-14', 'Waiting', 'Waiting for processing')

insert into tblProcessOrderDetails
values('OR062', 'E035', '2017-09-22', 'Processing', 'Processing')

insert into tblProcessOrderDetails
values('OR062', 'E070', '2017-12-02', 'Done', 'Done')

insert into tblProcessOrderDetails
values('OR183', 'E018', '2018-02-20', 'Waiting', 'Waiting for processing')

insert into tblProcessOrderDetails
values('OR183', 'E040', '2018-03-20', 'Processing', 'Processing')

insert into tblProcessOrderDetails
values('OR183', 'E089', '2018-03-22', 'Done', 'Done')

insert into tblProcessOrderDetails
values('OR061', 'E053', '2018-04-25', 'Waiting', 'Waiting for processing')

insert into tblProcessOrderDetails
values('OR061', 'E084', '2018-04-28', 'Processing', 'Processing')

insert into tblProcessOrderDetails
values('OR061', 'E066', '2018-04-28', 'Done', 'Done')

insert into tblProcessOrderDetails
values('OR182', 'E098', '2018-03-28', 'Waiting', 'Waiting for processing')

insert into tblProcessOrderDetails
values('OR182', 'E010', '2018-04-08', 'Processing', 'Processing')

insert into tblProcessOrderDetails
values('OR182', 'E086', '2018-04-15', 'Done', 'Done')

insert into tblProcessOrderDetails
values('OR060', 'E038', '2017-12-27', 'Waiting', 'Waiting for processing')

insert into tblProcessOrderDetails
values('OR060', 'E029', '2018-03-10', 'Processing', 'Processing')

insert into tblProcessOrderDetails
values('OR060', 'E046', '2018-04-14', 'Done', 'Done')

insert into tblProcessOrderDetails
values('OR181', 'E090', '2018-04-28', 'Waiting', 'Waiting for processing')

insert into tblProcessOrderDetails
values('OR181', 'E033', '2018-04-28', 'Processing', 'Processing')

insert into tblProcessOrderDetails
values('OR181', 'E096', '2018-04-28', 'Done', 'Done')

insert into tblProcessOrderDetails
values('OR180', 'E095', '2018-04-28', 'Waiting', 'Waiting for processing')

insert into tblProcessOrderDetails
values('OR180', 'E050', '2018-04-28', 'Processing', 'Processing')

insert into tblProcessOrderDetails
values('OR180', 'E047', '2018-04-28', 'Done', 'Done')

insert into tblProcessOrderDetails
values('OR059', 'E041', '2018-03-30', 'Waiting', 'Waiting for processing')

insert into tblProcessOrderDetails
values('OR059', 'E007', '2018-03-31', 'Processing', 'Processing')

insert into tblProcessOrderDetails
values('OR059', 'E011', '2018-04-16', 'Done', 'Done')

insert into tblProcessOrderDetails
values('OR058', 'E017', '2018-03-10', 'Waiting', 'Waiting for processing')

insert into tblProcessOrderDetails
values('OR058', 'E073', '2018-03-24', 'Processing', 'Processing')

insert into tblProcessOrderDetails
values('OR058', 'E011', '2018-04-24', 'Done', 'Done')

insert into tblProcessOrderDetails
values('OR179', 'E036', '2018-01-12', 'Waiting', 'Waiting for processing')

insert into tblProcessOrderDetails
values('OR179', 'E079', '2018-02-27', 'Processing', 'Processing')

insert into tblProcessOrderDetails
values('OR179', 'E077', '2018-03-12', 'Done', 'Done')

insert into tblProcessOrderDetails
values('OR057', 'E013', '2017-11-27', 'Waiting', 'Waiting for processing')

insert into tblProcessOrderDetails
values('OR057', 'E001', '2018-04-21', 'Processing', 'Processing')

insert into tblProcessOrderDetails
values('OR057', 'E069', '2018-04-22', 'Done', 'Done')

insert into tblProcessOrderDetails
values('OR178', 'E026', '2018-04-27', 'Waiting', 'Waiting for processing')

insert into tblProcessOrderDetails
values('OR178', 'E043', '2018-04-28', 'Processing', 'Processing')

insert into tblProcessOrderDetails
values('OR178', 'E073', '2018-04-28', 'Done', 'Done')

insert into tblProcessOrderDetails
values('OR056', 'E027', '2018-04-21', 'Waiting', 'Waiting for processing')

insert into tblProcessOrderDetails
values('OR056', 'E043', '2018-04-23', 'Processing', 'Processing')

insert into tblProcessOrderDetails
values('OR056', 'E017', '2018-04-27', 'Done', 'Done')

insert into tblProcessOrderDetails
values('OR177', 'E054', '2017-10-03', 'Waiting', 'Waiting for processing')

insert into tblProcessOrderDetails
values('OR177', 'E086', '2018-01-24', 'Processing', 'Processing')

insert into tblProcessOrderDetails
values('OR177', 'E014', '2018-02-18', 'Done', 'Done')

insert into tblProcessOrderDetails
values('OR055', 'E001', '2018-04-27', 'Waiting', 'Waiting for processing')

insert into tblProcessOrderDetails
values('OR055', 'E029', '2018-04-27', 'Processing', 'Processing')

insert into tblProcessOrderDetails
values('OR055', 'E071', '2018-04-28', 'Done', 'Done')

insert into tblProcessOrderDetails
values('OR176', 'E020', '2018-04-20', 'Waiting', 'Waiting for processing')

insert into tblProcessOrderDetails
values('OR176', 'E003', '2018-04-24', 'Processing', 'Processing')

insert into tblProcessOrderDetails
values('OR176', 'E076', '2018-04-25', 'Done', 'Done')

insert into tblProcessOrderDetails
values('OR054', 'E079', '2018-04-12', 'Waiting', 'Waiting for processing')

insert into tblProcessOrderDetails
values('OR054', 'E032', '2018-04-22', 'Processing', 'Processing')

insert into tblProcessOrderDetails
values('OR054', 'E025', '2018-04-22', 'Done', 'Done')

insert into tblProcessOrderDetails
values('OR175', 'E029', '2017-11-24', 'Waiting', 'Waiting for processing')

insert into tblProcessOrderDetails
values('OR175', 'E049', '2017-12-26', 'Processing', 'Processing')

insert into tblProcessOrderDetails
values('OR175', 'E090', '2018-02-05', 'Done', 'Done')

insert into tblProcessOrderDetails
values('OR053', 'E099', '2017-10-09', 'Waiting', 'Waiting for processing')

insert into tblProcessOrderDetails
values('OR053', 'E026', '2017-11-21', 'Processing', 'Processing')

insert into tblProcessOrderDetails
values('OR053', 'E030', '2017-11-27', 'Done', 'Done')

insert into tblProcessOrderDetails
values('OR174', 'E081', '2018-02-14', 'Waiting', 'Waiting for processing')

insert into tblProcessOrderDetails
values('OR174', 'E043', '2018-04-21', 'Processing', 'Processing')

insert into tblProcessOrderDetails
values('OR174', 'E065', '2018-04-24', 'Done', 'Done')

insert into tblProcessOrderDetails
values('OR052', 'E087', '2018-04-22', 'Waiting', 'Waiting for processing')

insert into tblProcessOrderDetails
values('OR052', 'E041', '2018-04-22', 'Processing', 'Processing')

insert into tblProcessOrderDetails
values('OR052', 'E079', '2018-04-26', 'Done', 'Done')

insert into tblProcessOrderDetails
values('OR173', 'E035', '2018-02-13', 'Waiting', 'Waiting for processing')

insert into tblProcessOrderDetails
values('OR173', 'E010', '2018-03-12', 'Processing', 'Processing')

insert into tblProcessOrderDetails
values('OR173', 'E031', '2018-04-20', 'Done', 'Done')

insert into tblProcessOrderDetails
values('OR051', 'E031', '2018-04-19', 'Waiting', 'Waiting for processing')

insert into tblProcessOrderDetails
values('OR051', 'E004', '2018-04-28', 'Processing', 'Processing')

insert into tblProcessOrderDetails
values('OR051', 'E020', '2018-04-28', 'Done', 'Done')

insert into tblProcessOrderDetails
values('OR172', 'E013', '2018-03-16', 'Waiting', 'Waiting for processing')

insert into tblProcessOrderDetails
values('OR172', 'E042', '2018-04-22', 'Processing', 'Processing')

insert into tblProcessOrderDetails
values('OR172', 'E003', '2018-04-25', 'Done', 'Done')

insert into tblProcessOrderDetails
values('OR050', 'E035', '2017-05-22', 'Waiting', 'Waiting for processing')

insert into tblProcessOrderDetails
values('OR050', 'E030', '2017-07-20', 'Processing', 'Processing')

insert into tblProcessOrderDetails
values('OR050', 'E089', '2017-09-20', 'Done', 'Done')

insert into tblProcessOrderDetails
values('OR171', 'E057', '2018-04-27', 'Waiting', 'Waiting for processing')

insert into tblProcessOrderDetails
values('OR171', 'E043', '2018-04-28', 'Processing', 'Processing')

insert into tblProcessOrderDetails
values('OR171', 'E016', '2018-04-28', 'Done', 'Done')

insert into tblProcessOrderDetails
values('OR170', 'E015', '2018-01-07', 'Waiting', 'Waiting for processing')

insert into tblProcessOrderDetails
values('OR170', 'E091', '2018-01-21', 'Processing', 'Processing')

insert into tblProcessOrderDetails
values('OR170', 'E039', '2018-02-05', 'Done', 'Done')

insert into tblProcessOrderDetails
values('OR200', 'E087', '2017-12-23', 'Waiting', 'Waiting for processing')

insert into tblProcessOrderDetails
values('OR200', 'E021', '2018-01-17', 'Processing', 'Processing')

insert into tblProcessOrderDetails
values('OR200', 'E045', '2018-03-01', 'Done', 'Done')

insert into tblProcessOrderDetails
values('OR099', 'E069', '2018-03-18', 'Waiting', 'Waiting for processing')

insert into tblProcessOrderDetails
values('OR099', 'E005', '2018-03-22', 'Processing', 'Processing')

insert into tblProcessOrderDetails
values('OR099', 'E065', '2018-03-28', 'Done', 'Done')

insert into tblProcessOrderDetails
values('OR098', 'E053', '2018-02-06', 'Waiting', 'Waiting for processing')

insert into tblProcessOrderDetails
values('OR098', 'E096', '2018-03-16', 'Processing', 'Processing')

insert into tblProcessOrderDetails
values('OR098', 'E069', '2018-03-23', 'Done', 'Done')

insert into tblProcessOrderDetails
values('OR097', 'E047', '2018-03-04', 'Waiting', 'Waiting for processing')

insert into tblProcessOrderDetails
values('OR097', 'E089', '2018-03-14', 'Processing', 'Processing')

insert into tblProcessOrderDetails
values('OR097', 'E003', '2018-03-16', 'Done', 'Done')

insert into tblProcessOrderDetails
values('OR096', 'E062', '2018-01-28', 'Waiting', 'Waiting for processing')

insert into tblProcessOrderDetails
values('OR096', 'E068', '2018-02-13', 'Processing', 'Processing')

insert into tblProcessOrderDetails
values('OR096', 'E063', '2018-04-08', 'Done', 'Done')

insert into tblProcessOrderDetails
values('OR095', 'E026', '2017-08-16', 'Waiting', 'Waiting for processing')

insert into tblProcessOrderDetails
values('OR095', 'E022', '2018-02-15', 'Processing', 'Processing')

insert into tblProcessOrderDetails
values('OR095', 'E095', '2018-03-08', 'Done', 'Done')

insert into tblProcessOrderDetails
values('OR094', 'E003', '2017-12-14', 'Waiting', 'Waiting for processing')

insert into tblProcessOrderDetails
values('OR094', 'E089', '2018-03-01', 'Processing', 'Processing')

insert into tblProcessOrderDetails
values('OR094', 'E095', '2018-04-23', 'Done', 'Done')

insert into tblProcessOrderDetails
values('OR093', 'E083', '2018-04-20', 'Waiting', 'Waiting for processing')

insert into tblProcessOrderDetails
values('OR093', 'E066', '2018-04-22', 'Processing', 'Processing')

insert into tblProcessOrderDetails
values('OR093', 'E033', '2018-04-24', 'Done', 'Done')

insert into tblProcessOrderDetails
values('OR092', 'E009', '2018-04-08', 'Waiting', 'Waiting for processing')

insert into tblProcessOrderDetails
values('OR092', 'E098', '2018-04-11', 'Processing', 'Processing')

insert into tblProcessOrderDetails
values('OR092', 'E062', '2018-04-18', 'Done', 'Done')

insert into tblProcessOrderDetails
values('OR091', 'E036', '2018-04-15', 'Waiting', 'Waiting for processing')

insert into tblProcessOrderDetails
values('OR091', 'E057', '2018-04-20', 'Processing', 'Processing')

insert into tblProcessOrderDetails
values('OR091', 'E011', '2018-04-26', 'Done', 'Done')

insert into tblProcessOrderDetails
values('OR090', 'E049', '2018-02-15', 'Waiting', 'Waiting for processing')

insert into tblProcessOrderDetails
values('OR090', 'E013', '2018-04-27', 'Processing', 'Processing')

insert into tblProcessOrderDetails
values('OR090', 'E011', '2018-04-28', 'Done', 'Done')

insert into tblProcessOrderDetails
values('OR009', 'E086', '2017-09-20', 'Waiting', 'Waiting for processing')

insert into tblProcessOrderDetails
values('OR009', 'E012', '2018-02-12', 'Processing', 'Processing')

insert into tblProcessOrderDetails
values('OR009', 'E064', '2018-04-14', 'Done', 'Done')

insert into tblProcessOrderDetails
values('OR008', 'E067', '2018-04-15', 'Waiting', 'Waiting for processing')

insert into tblProcessOrderDetails
values('OR008', 'E014', '2018-04-21', 'Processing', 'Processing')

insert into tblProcessOrderDetails
values('OR008', 'E025', '2018-04-26', 'Done', 'Done')

insert into tblProcessOrderDetails
values('OR129', 'E060', '2018-04-25', 'Waiting', 'Waiting for processing')

insert into tblProcessOrderDetails
values('OR129', 'E055', '2018-04-26', 'Processing', 'Processing')

insert into tblProcessOrderDetails
values('OR129', 'E098', '2018-04-28', 'Done', 'Done')

insert into tblProcessOrderDetails
values('OR007', 'E025', '2018-04-26', 'Waiting', 'Waiting for processing')

insert into tblProcessOrderDetails
values('OR007', 'E030', '2018-04-28', 'Processing', 'Processing')

insert into tblProcessOrderDetails
values('OR007', 'E017', '2018-04-28', 'Done', 'Done')

insert into tblProcessOrderDetails
values('OR128', 'E033', '2018-04-25', 'Waiting', 'Waiting for processing')

insert into tblProcessOrderDetails
values('OR128', 'E060', '2018-04-25', 'Processing', 'Processing')

insert into tblProcessOrderDetails
values('OR128', 'E092', '2018-04-28', 'Done', 'Done')

insert into tblProcessOrderDetails
values('OR006', 'E067', '2017-06-26', 'Waiting', 'Waiting for processing')

insert into tblProcessOrderDetails
values('OR006', 'E067', '2017-08-25', 'Processing', 'Processing')

insert into tblProcessOrderDetails
values('OR006', 'E066', '2018-03-22', 'Done', 'Done')

insert into tblProcessOrderDetails
values('OR127', 'E028', '2018-02-01', 'Waiting', 'Waiting for processing')

insert into tblProcessOrderDetails
values('OR127', 'E065', '2018-04-05', 'Processing', 'Processing')

insert into tblProcessOrderDetails
values('OR127', 'E080', '2018-04-05', 'Done', 'Done')

insert into tblProcessOrderDetails
values('OR005', 'E072', '2018-04-09', 'Waiting', 'Waiting for processing')

insert into tblProcessOrderDetails
values('OR005', 'E013', '2018-04-14', 'Processing', 'Processing')

insert into tblProcessOrderDetails
values('OR005', 'E022', '2018-04-26', 'Done', 'Done')

insert into tblProcessOrderDetails
values('OR126', 'E087', '2018-04-23', 'Waiting', 'Waiting for processing')

insert into tblProcessOrderDetails
values('OR126', 'E080', '2018-04-26', 'Processing', 'Processing')

insert into tblProcessOrderDetails
values('OR126', 'E087', '2018-04-27', 'Done', 'Done')

insert into tblProcessOrderDetails
values('OR004', 'E020', '2018-04-01', 'Waiting', 'Waiting for processing')

insert into tblProcessOrderDetails
values('OR004', 'E069', '2018-04-04', 'Processing', 'Processing')

insert into tblProcessOrderDetails
values('OR004', 'E019', '2018-04-11', 'Done', 'Done')

insert into tblProcessOrderDetails
values('OR125', 'E074', '2017-12-26', 'Waiting', 'Waiting for processing')

insert into tblProcessOrderDetails
values('OR125', 'E010', '2018-01-01', 'Processing', 'Processing')

insert into tblProcessOrderDetails
values('OR125', 'E013', '2018-04-05', 'Done', 'Done')

insert into tblProcessOrderDetails
values('OR003', 'E025', '2018-04-24', 'Waiting', 'Waiting for processing')

insert into tblProcessOrderDetails
values('OR003', 'E051', '2018-04-27', 'Processing', 'Processing')

insert into tblProcessOrderDetails
values('OR003', 'E092', '2018-04-27', 'Done', 'Done')

insert into tblProcessOrderDetails
values('OR124', 'E100', '2018-04-02', 'Waiting', 'Waiting for processing')

insert into tblProcessOrderDetails
values('OR124', 'E042', '2018-04-22', 'Processing', 'Processing')

insert into tblProcessOrderDetails
values('OR124', 'E085', '2018-04-24', 'Done', 'Done')

insert into tblProcessOrderDetails
values('OR002', 'E009', '2018-04-19', 'Waiting', 'Waiting for processing')

insert into tblProcessOrderDetails
values('OR002', 'E035', '2018-04-21', 'Processing', 'Processing')

insert into tblProcessOrderDetails
values('OR002', 'E047', '2018-04-21', 'Done', 'Done')

insert into tblProcessOrderDetails
values('OR123', 'E042', '2018-04-21', 'Waiting', 'Waiting for processing')

insert into tblProcessOrderDetails
values('OR123', 'E064', '2018-04-22', 'Processing', 'Processing')

insert into tblProcessOrderDetails
values('OR123', 'E004', '2018-04-28', 'Done', 'Done')

insert into tblProcessOrderDetails
values('OR001', 'E071', '2017-11-16', 'Waiting', 'Waiting for processing')

insert into tblProcessOrderDetails
values('OR001', 'E054', '2018-04-08', 'Processing', 'Processing')

insert into tblProcessOrderDetails
values('OR001', 'E074', '2018-04-27', 'Done', 'Done')

insert into tblProcessOrderDetails
values('OR122', 'E050', '2017-11-15', 'Waiting', 'Waiting for processing')

insert into tblProcessOrderDetails
values('OR122', 'E034', '2017-12-01', 'Processing', 'Processing')

insert into tblProcessOrderDetails
values('OR122', 'E091', '2018-04-03', 'Done', 'Done')

insert into tblProcessOrderDetails
values('OR121', 'E060', '2018-04-23', 'Waiting', 'Waiting for processing')

insert into tblProcessOrderDetails
values('OR121', 'E033', '2018-04-26', 'Processing', 'Processing')

insert into tblProcessOrderDetails
values('OR121', 'E045', '2018-04-27', 'Done', 'Done')

insert into tblProcessOrderDetails
values('OR120', 'E015', '2018-02-15', 'Waiting', 'Waiting for processing')

insert into tblProcessOrderDetails
values('OR120', 'E055', '2018-03-17', 'Processing', 'Processing')

insert into tblProcessOrderDetails
values('OR120', 'E061', '2018-04-07', 'Done', 'Done')

insert into tblProcessOrderDetails
values('OR119', 'E008', '2017-12-31', 'Waiting', 'Waiting for processing')

insert into tblProcessOrderDetails
values('OR119', 'E073', '2018-02-15', 'Processing', 'Processing')

insert into tblProcessOrderDetails
values('OR119', 'E100', '2018-03-14', 'Done', 'Done')

insert into tblProcessOrderDetails
values('OR118', 'E040', '2017-12-08', 'Waiting', 'Waiting for processing')

insert into tblProcessOrderDetails
values('OR118', 'E080', '2018-02-04', 'Processing', 'Processing')

insert into tblProcessOrderDetails
values('OR118', 'E018', '2018-04-06', 'Done', 'Done')

insert into tblProcessOrderDetails
values('OR117', 'E057', '2018-04-26', 'Waiting', 'Waiting for processing')

insert into tblProcessOrderDetails
values('OR117', 'E030', '2018-04-26', 'Processing', 'Processing')

insert into tblProcessOrderDetails
values('OR117', 'E012', '2018-04-27', 'Done', 'Done')

insert into tblProcessOrderDetails
values('OR116', 'E024', '2018-03-14', 'Waiting', 'Waiting for processing')

insert into tblProcessOrderDetails
values('OR116', 'E098', '2018-04-20', 'Processing', 'Processing')

insert into tblProcessOrderDetails
values('OR116', 'E025', '2018-04-21', 'Done', 'Done')

insert into tblProcessOrderDetails
values('OR115', 'E031', '2018-02-25', 'Waiting', 'Waiting for processing')

insert into tblProcessOrderDetails
values('OR115', 'E077', '2018-03-06', 'Processing', 'Processing')

insert into tblProcessOrderDetails
values('OR115', 'E025', '2018-04-21', 'Done', 'Done')

insert into tblProcessOrderDetails
values('OR114', 'E091', '2018-04-23', 'Waiting', 'Waiting for processing')

insert into tblProcessOrderDetails
values('OR114', 'E041', '2018-04-25', 'Processing', 'Processing')

insert into tblProcessOrderDetails
values('OR114', 'E042', '2018-04-28', 'Done', 'Done')

insert into tblProcessOrderDetails
values('OR113', 'E059', '2018-04-07', 'Waiting', 'Waiting for processing')

insert into tblProcessOrderDetails
values('OR113', 'E080', '2018-04-26', 'Processing', 'Processing')

insert into tblProcessOrderDetails
values('OR113', 'E100', '2018-04-27', 'Done', 'Done')

insert into tblProcessOrderDetails
values('OR112', 'E028', '2018-01-04', 'Waiting', 'Waiting for processing')

insert into tblProcessOrderDetails
values('OR112', 'E027', '2018-04-14', 'Processing', 'Processing')

insert into tblProcessOrderDetails
values('OR112', 'E042', '2018-04-22', 'Done', 'Done')

insert into tblProcessOrderDetails
values('OR111', 'E005', '2018-04-19', 'Waiting', 'Waiting for processing')

insert into tblProcessOrderDetails
values('OR111', 'E036', '2018-04-27', 'Processing', 'Processing')

insert into tblProcessOrderDetails
values('OR111', 'E028', '2018-04-28', 'Done', 'Done')

insert into tblProcessOrderDetails
values('OR110', 'E010', '2017-12-03', 'Waiting', 'Waiting for processing')

insert into tblProcessOrderDetails
values('OR110', 'E084', '2017-12-05', 'Processing', 'Processing')

insert into tblProcessOrderDetails
values('OR110', 'E086', '2018-04-14', 'Done', 'Done')

insert into tblProcessOrderDetails
values('OR109', 'E098', '2017-11-18', 'Waiting', 'Waiting for processing')

insert into tblProcessOrderDetails
values('OR109', 'E048', '2018-01-08', 'Processing', 'Processing')

insert into tblProcessOrderDetails
values('OR109', 'E001', '2018-04-24', 'Done', 'Done')

insert into tblProcessOrderDetails
values('OR108', 'E012', '2018-04-27', 'Waiting', 'Waiting for processing')

insert into tblProcessOrderDetails
values('OR108', 'E094', '2018-04-28', 'Processing', 'Processing')

insert into tblProcessOrderDetails
values('OR108', 'E032', '2018-04-28', 'Done', 'Done')

insert into tblProcessOrderDetails
values('OR107', 'E073', '2018-04-26', 'Waiting', 'Waiting for processing')

insert into tblProcessOrderDetails
values('OR107', 'E068', '2018-04-27', 'Processing', 'Processing')

insert into tblProcessOrderDetails
values('OR107', 'E053', '2018-04-28', 'Done', 'Done')

insert into tblProcessOrderDetails
values('OR106', 'E057', '2017-11-08', 'Waiting', 'Waiting for processing')

insert into tblProcessOrderDetails
values('OR106', 'E021', '2018-04-16', 'Processing', 'Processing')

insert into tblProcessOrderDetails
values('OR106', 'E073', '2018-04-21', 'Done', 'Done')

insert into tblProcessOrderDetails
values('OR105', 'E079', '2018-03-10', 'Waiting', 'Waiting for processing')

insert into tblProcessOrderDetails
values('OR105', 'E053', '2018-03-10', 'Processing', 'Processing')

insert into tblProcessOrderDetails
values('OR105', 'E093', '2018-03-15', 'Done', 'Done')

insert into tblProcessOrderDetails
values('OR104', 'E088', '2018-03-14', 'Waiting', 'Waiting for processing')

insert into tblProcessOrderDetails
values('OR104', 'E009', '2018-03-27', 'Processing', 'Processing')

insert into tblProcessOrderDetails
values('OR104', 'E094', '2018-04-02', 'Done', 'Done')

insert into tblProcessOrderDetails
values('OR103', 'E018', '2018-04-24', 'Waiting', 'Waiting for processing')

insert into tblProcessOrderDetails
values('OR103', 'E042', '2018-04-25', 'Processing', 'Processing')

insert into tblProcessOrderDetails
values('OR103', 'E076', '2018-04-26', 'Done', 'Done')

insert into tblProcessOrderDetails
values('OR102', 'E086', '2018-04-17', 'Waiting', 'Waiting for processing')

insert into tblProcessOrderDetails
values('OR102', 'E030', '2018-04-21', 'Processing', 'Processing')

insert into tblProcessOrderDetails
values('OR102', 'E095', '2018-04-28', 'Done', 'Done')

insert into tblProcessOrderDetails
values('OR101', 'E001', '2018-04-26', 'Waiting', 'Waiting for processing')

insert into tblProcessOrderDetails
values('OR101', 'E053', '2018-04-28', 'Processing', 'Processing')

insert into tblProcessOrderDetails
values('OR101', 'E001', '2018-04-28', 'Done', 'Done')

insert into tblProcessOrderDetails
values('OR100', 'E077', '2018-04-27', 'Waiting', 'Waiting for processing')

insert into tblProcessOrderDetails
values('OR100', 'E072', '2018-04-27', 'Processing', 'Processing')

insert into tblProcessOrderDetails
values('OR100', 'E056', '2018-04-28', 'Done', 'Done')

insert into tblProcessOrderDetails
values('OR049', 'E022', '2018-04-21', 'Waiting', 'Waiting for processing')

insert into tblProcessOrderDetails
values('OR049', 'E099', '2018-04-26', 'Processing', 'Processing')

insert into tblProcessOrderDetails
values('OR049', 'E088', '2018-04-26', 'Done', 'Done')

insert into tblProcessOrderDetails
values('OR048', 'E008', '2018-04-12', 'Waiting', 'Waiting for processing')

insert into tblProcessOrderDetails
values('OR048', 'E011', '2018-04-12', 'Processing', 'Processing')

insert into tblProcessOrderDetails
values('OR048', 'E021', '2018-04-21', 'Done', 'Done')

insert into tblProcessOrderDetails
values('OR169', 'E097', '2018-01-09', 'Waiting', 'Waiting for processing')

insert into tblProcessOrderDetails
values('OR169', 'E038', '2018-03-18', 'Processing', 'Processing')

insert into tblProcessOrderDetails
values('OR169', 'E030', '2018-04-14', 'Done', 'Done')

insert into tblProcessOrderDetails
values('OR047', 'E061', '2018-03-30', 'Waiting', 'Waiting for processing')

insert into tblProcessOrderDetails
values('OR047', 'E048', '2018-04-28', 'Processing', 'Processing')

insert into tblProcessOrderDetails
values('OR047', 'E042', '2018-04-28', 'Done', 'Done')

insert into tblProcessOrderDetails
values('OR168', 'E100', '2018-04-20', 'Waiting', 'Waiting for processing')

insert into tblProcessOrderDetails
values('OR168', 'E088', '2018-04-24', 'Processing', 'Processing')

insert into tblProcessOrderDetails
values('OR168', 'E083', '2018-04-28', 'Done', 'Done')

insert into tblProcessOrderDetails
values('OR046', 'E018', '2018-03-07', 'Waiting', 'Waiting for processing')

insert into tblProcessOrderDetails
values('OR046', 'E032', '2018-03-22', 'Processing', 'Processing')

insert into tblProcessOrderDetails
values('OR046', 'E035', '2018-04-22', 'Done', 'Done')

insert into tblProcessOrderDetails
values('OR167', 'E046', '2018-04-28', 'Waiting', 'Waiting for processing')

insert into tblProcessOrderDetails
values('OR167', 'E055', '2018-04-28', 'Processing', 'Processing')

insert into tblProcessOrderDetails
values('OR167', 'E022', '2018-04-28', 'Done', 'Done')

insert into tblProcessOrderDetails
values('OR045', 'E030', '2018-04-21', 'Waiting', 'Waiting for processing')

insert into tblProcessOrderDetails
values('OR045', 'E018', '2018-04-26', 'Processing', 'Processing')

insert into tblProcessOrderDetails
values('OR045', 'E088', '2018-04-28', 'Done', 'Done')

insert into tblProcessOrderDetails
values('OR166', 'E098', '2018-03-23', 'Waiting', 'Waiting for processing')

insert into tblProcessOrderDetails
values('OR166', 'E062', '2018-04-20', 'Processing', 'Processing')

insert into tblProcessOrderDetails
values('OR166', 'E058', '2018-04-21', 'Done', 'Done')

insert into tblProcessOrderDetails
values('OR044', 'E008', '2018-03-09', 'Waiting', 'Waiting for processing')

insert into tblProcessOrderDetails
values('OR044', 'E045', '2018-03-17', 'Processing', 'Processing')

insert into tblProcessOrderDetails
values('OR044', 'E052', '2018-04-12', 'Done', 'Done')

insert into tblProcessOrderDetails
values('OR165', 'E088', '2018-04-06', 'Waiting', 'Waiting for processing')

insert into tblProcessOrderDetails
values('OR165', 'E082', '2018-04-15', 'Processing', 'Processing')

insert into tblProcessOrderDetails
values('OR165', 'E099', '2018-04-26', 'Done', 'Done')

insert into tblProcessOrderDetails
values('OR043', 'E073', '2018-04-20', 'Waiting', 'Waiting for processing')

insert into tblProcessOrderDetails
values('OR043', 'E066', '2018-04-20', 'Processing', 'Processing')

insert into tblProcessOrderDetails
values('OR043', 'E096', '2018-04-22', 'Done', 'Done')

insert into tblProcessOrderDetails
values('OR164', 'E074', '2018-02-08', 'Waiting', 'Waiting for processing')

insert into tblProcessOrderDetails
values('OR164', 'E049', '2018-03-07', 'Processing', 'Processing')

insert into tblProcessOrderDetails
values('OR164', 'E037', '2018-03-21', 'Done', 'Done')

insert into tblProcessOrderDetails
values('OR042', 'E056', '2018-02-06', 'Waiting', 'Waiting for processing')

insert into tblProcessOrderDetails
values('OR042', 'E018', '2018-03-29', 'Processing', 'Processing')

insert into tblProcessOrderDetails
values('OR042', 'E048', '2018-04-09', 'Done', 'Done')

insert into tblProcessOrderDetails
values('OR163', 'E063', '2017-02-21', 'Waiting', 'Waiting for processing')

insert into tblProcessOrderDetails
values('OR163', 'E028', '2017-09-07', 'Processing', 'Processing')

insert into tblProcessOrderDetails
values('OR163', 'E050', '2018-01-23', 'Done', 'Done')

insert into tblProcessOrderDetails
values('OR041', 'E075', '2018-04-19', 'Waiting', 'Waiting for processing')

insert into tblProcessOrderDetails
values('OR041', 'E053', '2018-04-24', 'Processing', 'Processing')

insert into tblProcessOrderDetails
values('OR041', 'E010', '2018-04-27', 'Done', 'Done')

insert into tblProcessOrderDetails
values('OR162', 'E024', '2018-04-11', 'Waiting', 'Waiting for processing')

insert into tblProcessOrderDetails
values('OR162', 'E050', '2018-04-18', 'Processing', 'Processing')

insert into tblProcessOrderDetails
values('OR162', 'E100', '2018-04-20', 'Done', 'Done')

insert into tblProcessOrderDetails
values('OR040', 'E099', '2018-04-09', 'Waiting', 'Waiting for processing')

insert into tblProcessOrderDetails
values('OR040', 'E069', '2018-04-24', 'Processing', 'Processing')

insert into tblProcessOrderDetails
values('OR040', 'E002', '2018-04-27', 'Done', 'Done')

insert into tblProcessOrderDetails
values('OR161', 'E006', '2018-01-31', 'Waiting', 'Waiting for processing')

insert into tblProcessOrderDetails
values('OR161', 'E029', '2018-03-22', 'Processing', 'Processing')

insert into tblProcessOrderDetails
values('OR161', 'E056', '2018-04-17', 'Done', 'Done')

insert into tblProcessOrderDetails
values('OR160', 'E014', '2018-03-03', 'Waiting', 'Waiting for processing')

insert into tblProcessOrderDetails
values('OR160', 'E068', '2018-04-18', 'Processing', 'Processing')

insert into tblProcessOrderDetails
values('OR160', 'E038', '2018-04-27', 'Done', 'Done')

insert into tblProcessOrderDetails
values('OR039', 'E041', '2018-04-27', 'Waiting', 'Waiting for processing')

insert into tblProcessOrderDetails
values('OR039', 'E039', '2018-04-27', 'Processing', 'Processing')

insert into tblProcessOrderDetails
values('OR039', 'E008', '2018-04-28', 'Done', 'Done')

insert into tblProcessOrderDetails
values('OR038', 'E057', '2018-04-24', 'Waiting', 'Waiting for processing')

insert into tblProcessOrderDetails
values('OR038', 'E066', '2018-04-24', 'Processing', 'Processing')

insert into tblProcessOrderDetails
values('OR038', 'E073', '2018-04-25', 'Done', 'Done')

insert into tblProcessOrderDetails
values('OR159', 'E050', '2018-04-08', 'Waiting', 'Waiting for processing')

insert into tblProcessOrderDetails
values('OR159', 'E009', '2018-04-11', 'Processing', 'Processing')

insert into tblProcessOrderDetails
values('OR159', 'E082', '2018-04-15', 'Done', 'Done')

insert into tblProcessOrderDetails
values('OR037', 'E014', '2017-09-28', 'Waiting', 'Waiting for processing')

insert into tblProcessOrderDetails
values('OR037', 'E087', '2017-12-14', 'Processing', 'Processing')

insert into tblProcessOrderDetails
values('OR037', 'E065', '2018-03-12', 'Done', 'Done')

insert into tblProcessOrderDetails
values('OR158', 'E046', '2018-04-25', 'Waiting', 'Waiting for processing')

insert into tblProcessOrderDetails
values('OR158', 'E006', '2018-04-25', 'Processing', 'Processing')

insert into tblProcessOrderDetails
values('OR158', 'E050', '2018-04-27', 'Done', 'Done')

insert into tblProcessOrderDetails
values('OR036', 'E044', '2017-12-20', 'Waiting', 'Waiting for processing')

insert into tblProcessOrderDetails
values('OR036', 'E033', '2018-01-14', 'Processing', 'Processing')

insert into tblProcessOrderDetails
values('OR036', 'E049', '2018-04-02', 'Done', 'Done')

insert into tblProcessOrderDetails
values('OR157', 'E041', '2018-01-25', 'Waiting', 'Waiting for processing')

insert into tblProcessOrderDetails
values('OR157', 'E024', '2018-02-21', 'Processing', 'Processing')

insert into tblProcessOrderDetails
values('OR157', 'E072', '2018-04-08', 'Done', 'Done')

insert into tblProcessOrderDetails
values('OR035', 'E092', '2018-03-27', 'Waiting', 'Waiting for processing')

insert into tblProcessOrderDetails
values('OR035', 'E071', '2018-04-18', 'Processing', 'Processing')

insert into tblProcessOrderDetails
values('OR035', 'E003', '2018-04-21', 'Done', 'Done')

insert into tblProcessOrderDetails
values('OR156', 'E087', '2018-03-28', 'Waiting', 'Waiting for processing')

insert into tblProcessOrderDetails
values('OR156', 'E034', '2018-04-10', 'Processing', 'Processing')

insert into tblProcessOrderDetails
values('OR156', 'E030', '2018-04-18', 'Done', 'Done')

insert into tblProcessOrderDetails
values('OR034', 'E045', '2018-03-04', 'Waiting', 'Waiting for processing')

insert into tblProcessOrderDetails
values('OR034', 'E075', '2018-04-10', 'Processing', 'Processing')

insert into tblProcessOrderDetails
values('OR034', 'E035', '2018-04-22', 'Done', 'Done')

insert into tblProcessOrderDetails
values('OR155', 'E033', '2018-03-01', 'Waiting', 'Waiting for processing')

insert into tblProcessOrderDetails
values('OR155', 'E069', '2018-04-26', 'Processing', 'Processing')

insert into tblProcessOrderDetails
values('OR155', 'E077', '2018-04-26', 'Done', 'Done')

insert into tblProcessOrderDetails
values('OR033', 'E084', '2018-02-03', 'Waiting', 'Waiting for processing')

insert into tblProcessOrderDetails
values('OR033', 'E029', '2018-02-19', 'Processing', 'Processing')

insert into tblProcessOrderDetails
values('OR033', 'E028', '2018-04-22', 'Done', 'Done')

insert into tblProcessOrderDetails
values('OR154', 'E064', '2018-04-12', 'Waiting', 'Waiting for processing')

insert into tblProcessOrderDetails
values('OR154', 'E082', '2018-04-16', 'Processing', 'Processing')

insert into tblProcessOrderDetails
values('OR154', 'E069', '2018-04-18', 'Done', 'Done')

insert into tblProcessOrderDetails
values('OR032', 'E039', '2018-04-24', 'Waiting', 'Waiting for processing')

insert into tblProcessOrderDetails
values('OR032', 'E047', '2018-04-28', 'Processing', 'Processing')

insert into tblProcessOrderDetails
values('OR032', 'E058', '2018-04-28', 'Done', 'Done')

insert into tblProcessOrderDetails
values('OR153', 'E046', '2018-04-01', 'Waiting', 'Waiting for processing')

insert into tblProcessOrderDetails
values('OR153', 'E094', '2018-04-17', 'Processing', 'Processing')

insert into tblProcessOrderDetails
values('OR153', 'E066', '2018-04-25', 'Done', 'Done')

insert into tblProcessOrderDetails
values('OR031', 'E018', '2017-11-30', 'Waiting', 'Waiting for processing')

insert into tblProcessOrderDetails
values('OR031', 'E036', '2018-04-14', 'Processing', 'Processing')

insert into tblProcessOrderDetails
values('OR031', 'E066', '2018-04-24', 'Done', 'Done')

insert into tblProcessOrderDetails
values('OR152', 'E015', '2018-04-24', 'Waiting', 'Waiting for processing')

insert into tblProcessOrderDetails
values('OR152', 'E037', '2018-04-26', 'Processing', 'Processing')

insert into tblProcessOrderDetails
values('OR152', 'E052', '2018-04-28', 'Done', 'Done')

insert into tblProcessOrderDetails
values('OR030', 'E056', '2018-01-17', 'Waiting', 'Waiting for processing')

insert into tblProcessOrderDetails
values('OR030', 'E100', '2018-03-26', 'Processing', 'Processing')

insert into tblProcessOrderDetails
values('OR030', 'E009', '2018-04-11', 'Done', 'Done')

insert into tblProcessOrderDetails
values('OR151', 'E051', '2018-04-27', 'Waiting', 'Waiting for processing')

insert into tblProcessOrderDetails
values('OR151', 'E089', '2018-04-27', 'Processing', 'Processing')

insert into tblProcessOrderDetails
values('OR151', 'E069', '2018-04-28', 'Done', 'Done')

insert into tblProcessOrderDetails
values('OR150', 'E058', '2018-04-28', 'Waiting', 'Waiting for processing')

insert into tblProcessOrderDetails
values('OR150', 'E078', '2018-04-28', 'Processing', 'Processing')

insert into tblProcessOrderDetails
values('OR150', 'E084', '2018-04-28', 'Done', 'Done')

insert into tblProcessOrderDetails
values('OR029', 'E048', '2017-11-09', 'Waiting', 'Waiting for processing')

insert into tblProcessOrderDetails
values('OR029', 'E024', '2017-12-24', 'Processing', 'Processing')

insert into tblProcessOrderDetails
values('OR029', 'E071', '2018-03-17', 'Done', 'Done')

insert into tblProcessOrderDetails
values('OR028', 'E071', '2018-04-22', 'Waiting', 'Waiting for processing')

insert into tblProcessOrderDetails
values('OR028', 'E066', '2018-04-28', 'Processing', 'Processing')

insert into tblProcessOrderDetails
values('OR028', 'E038', '2018-04-28', 'Done', 'Done')

insert into tblProcessOrderDetails
values('OR149', 'E055', '2018-04-19', 'Waiting', 'Waiting for processing')

insert into tblProcessOrderDetails
values('OR149', 'E043', '2018-04-19', 'Processing', 'Processing')

insert into tblProcessOrderDetails
values('OR149', 'E016', '2018-04-19', 'Done', 'Done')

insert into tblProcessOrderDetails
values('OR027', 'E093', '2018-01-15', 'Waiting', 'Waiting for processing')

insert into tblProcessOrderDetails
values('OR027', 'E014', '2018-04-15', 'Processing', 'Processing')

insert into tblProcessOrderDetails
values('OR027', 'E050', '2018-04-18', 'Done', 'Done')

insert into tblProcessOrderDetails
values('OR148', 'E094', '2018-02-26', 'Waiting', 'Waiting for processing')

insert into tblProcessOrderDetails
values('OR148', 'E071', '2018-04-04', 'Processing', 'Processing')

insert into tblProcessOrderDetails
values('OR148', 'E015', '2018-04-17', 'Done', 'Done')

insert into tblProcessOrderDetails
values('OR026', 'E033', '2018-04-09', 'Waiting', 'Waiting for processing')

insert into tblProcessOrderDetails
values('OR026', 'E077', '2018-04-19', 'Processing', 'Processing')

insert into tblProcessOrderDetails
values('OR026', 'E077', '2018-04-20', 'Done', 'Done')

insert into tblProcessOrderDetails
values('OR147', 'E091', '2017-03-14', 'Waiting', 'Waiting for processing')

insert into tblProcessOrderDetails
values('OR147', 'E053', '2017-05-19', 'Processing', 'Processing')

insert into tblProcessOrderDetails
values('OR147', 'E075', '2017-12-01', 'Done', 'Done')

insert into tblProcessOrderDetails
values('OR025', 'E017', '2017-12-18', 'Waiting', 'Waiting for processing')

insert into tblProcessOrderDetails
values('OR025', 'E093', '2017-12-20', 'Processing', 'Processing')

insert into tblProcessOrderDetails
values('OR025', 'E059', '2017-12-30', 'Done', 'Done')

insert into tblProcessOrderDetails
values('OR146', 'E034', '2018-04-27', 'Waiting', 'Waiting for processing')

insert into tblProcessOrderDetails
values('OR146', 'E034', '2018-04-28', 'Processing', 'Processing')

insert into tblProcessOrderDetails
values('OR146', 'E088', '2018-04-28', 'Done', 'Done')

insert into tblProcessOrderDetails
values('OR024', 'E085', '2018-03-03', 'Waiting', 'Waiting for processing')

insert into tblProcessOrderDetails
values('OR024', 'E069', '2018-04-13', 'Processing', 'Processing')

insert into tblProcessOrderDetails
values('OR024', 'E098', '2018-04-23', 'Done', 'Done')

insert into tblProcessOrderDetails
values('OR145', 'E049', '2018-03-29', 'Waiting', 'Waiting for processing')

insert into tblProcessOrderDetails
values('OR145', 'E043', '2018-03-29', 'Processing', 'Processing')

insert into tblProcessOrderDetails
values('OR145', 'E083', '2018-04-21', 'Done', 'Done')

insert into tblProcessOrderDetails
values('OR023', 'E070', '2018-04-15', 'Waiting', 'Waiting for processing')

insert into tblProcessOrderDetails
values('OR023', 'E091', '2018-04-21', 'Processing', 'Processing')

insert into tblProcessOrderDetails
values('OR023', 'E077', '2018-04-28', 'Done', 'Done')

insert into tblProcessOrderDetails
values('OR144', 'E066', '2018-03-25', 'Waiting', 'Waiting for processing')

insert into tblProcessOrderDetails
values('OR144', 'E096', '2018-04-04', 'Processing', 'Processing')

insert into tblProcessOrderDetails
values('OR144', 'E021', '2018-04-24', 'Done', 'Done')

insert into tblProcessOrderDetails
values('OR022', 'E006', '2018-04-09', 'Waiting', 'Waiting for processing')

insert into tblProcessOrderDetails
values('OR022', 'E071', '2018-04-16', 'Processing', 'Processing')

insert into tblProcessOrderDetails
values('OR022', 'E097', '2018-04-23', 'Done', 'Done')

insert into tblProcessOrderDetails
values('OR143', 'E003', '2018-04-03', 'Waiting', 'Waiting for processing')

insert into tblProcessOrderDetails
values('OR143', 'E082', '2018-04-15', 'Processing', 'Processing')

insert into tblProcessOrderDetails
values('OR143', 'E066', '2018-04-15', 'Done', 'Done')

insert into tblProcessOrderDetails
values('OR021', 'E023', '2018-03-21', 'Waiting', 'Waiting for processing')

insert into tblProcessOrderDetails
values('OR021', 'E049', '2018-04-13', 'Processing', 'Processing')

insert into tblProcessOrderDetails
values('OR021', 'E053', '2018-04-26', 'Done', 'Done')

insert into tblProcessOrderDetails
values('OR142', 'E008', '2018-04-20', 'Waiting', 'Waiting for processing')

insert into tblProcessOrderDetails
values('OR142', 'E002', '2018-04-27', 'Processing', 'Processing')

insert into tblProcessOrderDetails
values('OR142', 'E054', '2018-04-28', 'Done', 'Done')

insert into tblProcessOrderDetails
values('OR020', 'E071', '2018-04-18', 'Waiting', 'Waiting for processing')

insert into tblProcessOrderDetails
values('OR020', 'E085', '2018-04-20', 'Processing', 'Processing')

insert into tblProcessOrderDetails
values('OR020', 'E012', '2018-04-26', 'Done', 'Done')

insert into tblProcessOrderDetails
values('OR141', 'E028', '2018-04-26', 'Waiting', 'Waiting for processing')

insert into tblProcessOrderDetails
values('OR141', 'E052', '2018-04-28', 'Processing', 'Processing')

insert into tblProcessOrderDetails
values('OR141', 'E060', '2018-04-28', 'Done', 'Done')

insert into tblProcessOrderDetails
values('OR140', 'E095', '2018-02-01', 'Waiting', 'Waiting for processing')

insert into tblProcessOrderDetails
values('OR140', 'E042', '2018-03-23', 'Processing', 'Processing')

insert into tblProcessOrderDetails
values('OR140', 'E077', '2018-03-30', 'Done', 'Done')

insert into tblProcessOrderDetails
values('OR019', 'E061', '2018-04-22', 'Waiting', 'Waiting for processing')

insert into tblProcessOrderDetails
values('OR019', 'E098', '2018-04-22', 'Processing', 'Processing')

insert into tblProcessOrderDetails
values('OR019', 'E039', '2018-04-22', 'Done', 'Done')

insert into tblProcessOrderDetails
values('OR018', 'E089', '2018-04-21', 'Waiting', 'Waiting for processing')

insert into tblProcessOrderDetails
values('OR018', 'E027', '2018-04-28', 'Processing', 'Processing')

insert into tblProcessOrderDetails
values('OR018', 'E032', '2018-04-28', 'Done', 'Done')

insert into tblProcessOrderDetails
values('OR139', 'E057', '2018-04-23', 'Waiting', 'Waiting for processing')

insert into tblProcessOrderDetails
values('OR139', 'E027', '2018-04-28', 'Processing', 'Processing')

insert into tblProcessOrderDetails
values('OR139', 'E043', '2018-04-28', 'Done', 'Done')

insert into tblProcessOrderDetails
values('OR017', 'E060', '2018-04-27', 'Waiting', 'Waiting for processing')

insert into tblProcessOrderDetails
values('OR017', 'E027', '2018-04-27', 'Processing', 'Processing')

insert into tblProcessOrderDetails
values('OR017', 'E077', '2018-04-27', 'Done', 'Done')

insert into tblProcessOrderDetails
values('OR138', 'E085', '2018-04-28', 'Waiting', 'Waiting for processing')

insert into tblProcessOrderDetails
values('OR138', 'E043', '2018-04-28', 'Processing', 'Processing')

insert into tblProcessOrderDetails
values('OR138', 'E043', '2018-04-28', 'Done', 'Done')

insert into tblProcessOrderDetails
values('OR016', 'E002', '2018-03-31', 'Waiting', 'Waiting for processing')

insert into tblProcessOrderDetails
values('OR016', 'E046', '2018-04-01', 'Processing', 'Processing')

insert into tblProcessOrderDetails
values('OR016', 'E061', '2018-04-16', 'Done', 'Done')

insert into tblProcessOrderDetails
values('OR137', 'E069', '2018-04-25', 'Waiting', 'Waiting for processing')

insert into tblProcessOrderDetails
values('OR137', 'E058', '2018-04-28', 'Processing', 'Processing')

insert into tblProcessOrderDetails
values('OR137', 'E031', '2018-04-28', 'Done', 'Done')

insert into tblProcessOrderDetails
values('OR015', 'E074', '2017-11-22', 'Waiting', 'Waiting for processing')

insert into tblProcessOrderDetails
values('OR015', 'E040', '2017-12-22', 'Processing', 'Processing')

insert into tblProcessOrderDetails
values('OR015', 'E014', '2018-01-11', 'Done', 'Done')

insert into tblProcessOrderDetails
values('OR136', 'E070', '2018-03-04', 'Waiting', 'Waiting for processing')

insert into tblProcessOrderDetails
values('OR136', 'E066', '2018-04-07', 'Processing', 'Processing')

insert into tblProcessOrderDetails
values('OR136', 'E002', '2018-04-22', 'Done', 'Done')

insert into tblProcessOrderDetails
values('OR014', 'E075', '2018-03-23', 'Waiting', 'Waiting for processing')

insert into tblProcessOrderDetails
values('OR014', 'E083', '2018-04-06', 'Processing', 'Processing')

insert into tblProcessOrderDetails
values('OR014', 'E011', '2018-04-27', 'Done', 'Done')

insert into tblProcessOrderDetails
values('OR135', 'E097', '2018-04-26', 'Waiting', 'Waiting for processing')

insert into tblProcessOrderDetails
values('OR135', 'E023', '2018-04-28', 'Processing', 'Processing')

insert into tblProcessOrderDetails
values('OR135', 'E092', '2018-04-28', 'Done', 'Done')

insert into tblProcessOrderDetails
values('OR013', 'E058', '2018-04-21', 'Waiting', 'Waiting for processing')

insert into tblProcessOrderDetails
values('OR013', 'E081', '2018-04-25', 'Processing', 'Processing')

insert into tblProcessOrderDetails
values('OR013', 'E083', '2018-04-28', 'Done', 'Done')

insert into tblProcessOrderDetails
values('OR134', 'E013', '2018-03-14', 'Waiting', 'Waiting for processing')

insert into tblProcessOrderDetails
values('OR134', 'E022', '2018-03-17', 'Processing', 'Processing')

insert into tblProcessOrderDetails
values('OR134', 'E073', '2018-03-19', 'Done', 'Done')

insert into tblProcessOrderDetails
values('OR012', 'E080', '2018-04-06', 'Waiting', 'Waiting for processing')

insert into tblProcessOrderDetails
values('OR012', 'E060', '2018-04-06', 'Processing', 'Processing')

insert into tblProcessOrderDetails
values('OR012', 'E033', '2018-04-17', 'Done', 'Done')

insert into tblProcessOrderDetails
values('OR133', 'E065', '2018-04-28', 'Waiting', 'Waiting for processing')

insert into tblProcessOrderDetails
values('OR133', 'E061', '2018-04-28', 'Processing', 'Processing')

insert into tblProcessOrderDetails
values('OR133', 'E058', '2018-04-28', 'Done', 'Done')

insert into tblProcessOrderDetails
values('OR011', 'E051', '2018-04-12', 'Waiting', 'Waiting for processing')

insert into tblProcessOrderDetails
values('OR011', 'E042', '2018-04-15', 'Processing', 'Processing')

insert into tblProcessOrderDetails
values('OR011', 'E003', '2018-04-24', 'Done', 'Done')

insert into tblProcessOrderDetails
values('OR132', 'E036', '2017-11-03', 'Waiting', 'Waiting for processing')

insert into tblProcessOrderDetails
values('OR132', 'E024', '2017-11-24', 'Processing', 'Processing')

insert into tblProcessOrderDetails
values('OR132', 'E033', '2018-01-26', 'Done', 'Done')

insert into tblProcessOrderDetails
values('OR010', 'E096', '2018-04-17', 'Waiting', 'Waiting for processing')

insert into tblProcessOrderDetails
values('OR010', 'E037', '2018-04-21', 'Processing', 'Processing')

insert into tblProcessOrderDetails
values('OR010', 'E037', '2018-04-23', 'Done', 'Done')

insert into tblProcessOrderDetails
values('OR131', 'E007', '2018-04-23', 'Waiting', 'Waiting for processing')

insert into tblProcessOrderDetails
values('OR131', 'E091', '2018-04-28', 'Processing', 'Processing')

insert into tblProcessOrderDetails
values('OR131', 'E016', '2018-04-28', 'Done', 'Done')

insert into tblProcessOrderDetails
values('OR130', 'E082', '2018-01-27', 'Waiting', 'Waiting for processing')

insert into tblProcessOrderDetails
values('OR130', 'E067', '2018-04-19', 'Processing', 'Processing')

insert into tblProcessOrderDetails
values('OR130', 'E057', '2018-04-19', 'Done', 'Done')

